ID_Geo;ID_Yac;Fase;Corte;Nivel;UE;Cuadro;Capa;Muestra.Botanico;Nivel2;Fase2;Shape;Symmetry;Form;Retouch;Direction;Type;Nivel_Integridad
3250;Valmayor;;;III;;;;;;;Se;S;Cv;A;Db;SeSCvADb;4
3251;Valmayor;;;III;;;;;;;Se;S;Cv;A;Db;SeSCvADb;4
3252;Valmayor;;;III;;;;;;;Tri;S;R;A;Db;TriSRADb;4
3253;Valmayor;;;III;;;;;;;Se;S;Cv;A;Db;SeSCvADb;4
3254;Valmayor;;;III;;;;;;;Se;S;Cv;A;Db;SeSCvADb;4
3255;Chaves;Ia;;;;;;;;;Se;S;Cv;S;Db;SeSCvSDb;4
3256;Chaves;Ia;;;;;;;;;Se;S;Cv;S;Db;SeSCvSDb;4
3257;Chaves;Ia;;;;;;;;;Se;S;Cv;S;Db;SeSCvSDb;4
3258;Chaves;Ia;;;;;;;;;Se;S;Cv;S;Db;SeSCvSDb;4
3259;Chaves;Ia;;;;;;;;;Se;As;Cv;AS;B;SeAsCvASB;4
3260;Chaves;Ia;;;;;;;;;Se;S;Cv;AS;B;SeSCvASB;4
3263;Draga;ABC;SectoresABC;;;;;;;;Tra;S;R;A;Al;TraSRAAl;4
3264;Draga;ABC;SectoresABC;;;;;;;;Tra;As;R;A;Al;TraAsRAAl;4
3265;Draga;ABC;SectoresABC;;;;;;;;Tra;S;R;A;B;TraSRAB;4
3266;Draga;ABC;SectoresABC;;;;;;;;Tra;S;R;A;D;TraSRAD;4
3267;Draga;ABC;SectoresABC;;;;;;;;Tra;S;R;A;Db;TraSRADb;4
3268;Draga;ABC;SectoresABC;;;;;;;;Tra;As;RCc;A;Db;TraAsRCcADb;4
3269;Draga;ABC;SectoresABC;;;;;;;;Tra;S;R;A;D;TraSRAD;4
3270;Draga;ABC;SectoresABC;;;;;;;;Tra;As;R;A;Al;TraAsRAAl;4
3271;Draga;ABC;SectoresABC;;;;;;;;Tra;S;RCc;A;B;TraSRCcAB;4
3272;Draga;ABC;SectoresABC;;;;;;;;Tra;As;RCc;A;B;TraAsRCcAB;4
3273;Draga;ABC;SectoresABC;;;;;;;;Tra;S;RCc;A;Al;TraSRCcAAl;4
3276;Draga;ABC;SectoresABC;;;;;;;;Se;S;Cv;A;B;SeSCvAB;4
3280;Guixeres;C;;;;;;;;;Tra;S;Cc;A;D;TraSCcAD;
3281;Guixeres;C;;;;;;;;;Sq;S;R;A;Al;SqSRAAl;
3282;Guixeres;B;;;;;;;;;Se;S;Cv;A;B;SeSCvAB;
3288;Fem;;Secció 1;103;103;G13;;;;Antic Cardial;Se;S;Cv;A;D;SeSCvAD;
3289;Fem;;Secció 1;103;103;G13;;;;Antic Cardial;Tri;S;RCc;A;Db;TriSRCcADb;
3290;Fem;;Secció 1;103;103;G13;;;;Antic Cardial;Tri;S;Cc;A;Db;TriSCcADb;
3291;Fem;;Secció 1;103;103;G13;;;;Antic Cardial;Tri;As;RCv;A;B;TriAsRCvAB;
3306;Cremat;;;III;;;;;;;Se;S;Cv;A;Db;SeSCvADb;
3307;Cremat;;;V;;;;;;;Se;S;Cv;A;D;SeSCvAD;
3308;Cremat;;;V;;;;;;;Tra;S;Cc;A;D;TraSCcAD;
3309;Cremat;;;V;;;;;;;Se;As;Cv;A;D;SeAsCvAD;
3310;Cremat;;;V;;;;;;;Tra;As;R;A;D;TraAsRAD;
3311;Cremat;;;V;;;;;;;Tri;As;Cc;A;D;TriAsCcAD;
3312;Cremat;;;V;;;;;;;Tri;As;Cc;A;D;TriAsCcAD;
3313;Cremat;;;V;;;;;;;Tri;S;Cc;A;D;TriSCcAD;
3314;Cremat;;;V;;;;;;;Tri;S;Cc;A;D;TriSCcAD;
3315;Cremat;;;VI;;;;;;;Tra;S;R;A;D;TraSRAD;
3435;Ángel2;;Ángel 2;2a2;;;;;;;Tri;S;RCc;A;D;TriSRCcAD;
3437;Ángel2;;Ángel 2;2a2;;;;;;;Tri;S;Cc;A;D;TriSCcAD;
3438;Ángel2;;Ángel 2;2a2;;;;;;;Tri;As;R;A;D;TriAsRAD;
3439;Ángel2;;Ángel 2;2a2;;;;;;;Tri;S;R;A;D;TriSRAD;
3440;Ángel2;;Ángel 2;2a2;;;;;;;Tri;S;R;A;D;TriSRAD;
3441;Ángel2;;Ángel 2;2a2;;;;;;;Tra;S;R;A;D;TraSRAD;
3448;Xicotó;;;II;;;;;;;Se;S;Cv;A;Db;SeSCvADb;
3449;Xicotó;;;II;;;;;;;Tri;S;Cc;A;Al;TriSCcAAl;
3450;Xicotó;;;II;;;;;;;Tra;S;RCc;A;D;TraSRCcAD;
3451;Xicotó;;;II;;;;;;;Tri;S;Cv;AS;B;TriSCvASB;
3452;Atxoste;;;IV;;;;;;;Tri;S;R;A;D;TriSRAD;
3453;Atxoste;;;IV;;;;;;;Tri;As;Cv;A;Al;TriAsCvAAl;
3454;Atxoste;;;IV;;;;;;;Tri;As;RCc;A;D;TriAsRCcAD;
3455;Atxoste;;;IV;;;;;;;Tri;As;Cc;A;D;TriAsCcAD;
3456;Atxoste;;;IV;;;;;;;Tri;As;RCc;A;D;TriAsRCcAD;
3457;Atxoste;;;IV;;;;;;;Tri;As;Cc;A;D;TriAsCcAD;
3458;Atxoste;;;IV;;;;;;;Tri;As;Cc;A;D;TriAsCcAD;
3459;Atxoste;;;IV;;;;;;;Tri;As;RCc;A;D;TriAsRCcAD;
3460;Atxoste;;;IV;;;;;;;Tri;As;Cc;A;D;TriAsCcAD;
3461;Atxoste;;;IV;;;;;;;Tri;As;RCc;A;D;TriAsRCcAD;
3462;Atxoste;;;IV;;;;;;;Tri;As;CcCv;A;D;TriAsCcCvAD;
3463;Atxoste;;;IV;;;;;;;Tri;As;R;A;D;TriAsRAD;
3464;Atxoste;;;IV;;;;;;;Tri;As;RCc;A;D;TriAsRCcAD;
3465;Atxoste;;;IV;;;;;;;Tri;As;RCc;A;D;TriAsRCcAD;
3466;Atxoste;;;IV;;;;;;;Tra;As;RCc;A;D;TraAsRCcAD;
3467;Atxoste;;;IV;;;;;;;Tra;As;RCc;A;D;TraAsRCcAD;
3468;Atxoste;;;IV;;;;;;;Tra;S;RCc;A;D;TraSRCcAD;
3469;Atxoste;;;IV;;;;;;;Tra;S;RCc;A;D;TraSRCcAD;
3470;Atxoste;;;IV;;;;;;;Tra;As;CcCv;A;D;TraAsCcCvAD;
3471;Atxoste;;;IV;;;;;;;Tra;S;Cc;A;D;TraSCcAD;
3472;Atxoste;;;IV;;;;;;;Tra;As;RCc;A;D;TraAsRCcAD;
3473;Atxoste;;;IV;;;;;;;Tra;S;RCc;A;D;TraSRCcAD;
3474;Atxoste;;;IV;;;;;;;Tra;As;RCc;A;D;TraAsRCcAD;
3475;Atxoste;;;IV;;;;;;;Tra;As;RCc;A;D;TraAsRCcAD;
3476;Atxoste;;;IV;;;;;;;Tra;As;RCc;A;D;TraAsRCcAD;
3477;Atxoste;;;IV;;;;;;;Tra;As;Cc;A;D;TraAsCcAD;
3478;Atxoste;;;IV;;;;;;;Tra;As;RCc;A;D;TraAsRCcAD;
3479;Atxoste;;;IV;;;;;;;Tra;As;RCc;A;D;TraAsRCcAD;
3480;Atxoste;;;IV;;;;;;;Tra;As;Cc;A;D;TraAsCcAD;
3481;Atxoste;;;IV;;;;;;;Tra;As;Cc;A;D;TraAsCcAD;
3482;Atxoste;;;IV;;;;;;;Tra;S;Cc;A;D;TraSCcAD;
3483;Atxoste;;;IV;;;;;;;Tra;As;Cc;A;D;TraAsCcAD;
3484;Atxoste;;;IV;;;;;;;Tra;As;RCc;A;D;TraAsRCcAD;
3485;Atxoste;;;IV;;;;;;;Tra;As;Cc;A;D;TraAsCcAD;
3486;Atxoste;;;IV;;;;;;;Tra;As;Cc;A;D;TraAsCcAD;
3487;Atxoste;;;IV;;;;;;;Tra;As;Cc;A;D;TraAsCcAD;
3488;Atxoste;;;IV;;;;;;;Tra;As;Cc;A;D;TraAsCcAD;
3489;Atxoste;;;IV;;;;;;;Tra;As;RCc;A;D;TraAsRCcAD;
3490;Atxoste;;;IV;;;;;;;Tra;S;Cc;A;D;TraSCcAD;
3491;Atxoste;;;IV;;;;;;;Tra;S;Cc;A;D;TraSCcAD;
3492;Atxoste;;;IV;;;;;;;Tra;As;RCc;A;D;TraAsRCcAD;
3493;Atxoste;;;IV;;;;;;;Tra;As;Cc;A;D;TraAsCcAD;
3495;Atxoste;;;IV;;;;;;;Tra;As;RCc;A;D;TraAsRCcAD;
3496;Atxoste;;;IV;;;;;;;Tra;As;R;A;D;TraAsRAD;
3497;Atxoste;;;IV;;;;;;;Tra;As;R;A;D;TraAsRAD;
3498;Atxoste;;;IV;;;;;;;Tra;As;R;A;D;TraAsRAD;
3499;Atxoste;;;IV;;;;;;;Tra;As;RCc;A;D;TraAsRCcAD;
3500;Atxoste;;;IV;;;;;;;Tra;As;RCc;A;D;TraAsRCcAD;
3501;Atxoste;;;IV;;;;;;;Tra;As;Cc;A;D;TraAsCcAD;
3502;Atxoste;;;IV;;;;;;;Tra;As;Cc;A;D;TraAsCcAD;
3503;Atxoste;;;IV;;;;;;;Tra;As;RCc;A;D;TraAsRCcAD;
3504;Atxoste;;;IV;;;;;;;Tra;As;RCc;A;D;TraAsRCcAD;
3505;Atxoste;;;IV;;;;;;;Tra;As;RCc;A;D;TraAsRCcAD;
3506;Atxoste;;;IV;;;;;;;Tra;As;RCc;A;D;TraAsRCcAD;
3507;Atxoste;;;IV;;;;;;;Tra;As;RCc;A;D;TraAsRCcAD;
3508;Atxoste;;;IV;;;;;;;Tra;As;RCc;A;D;TraAsRCcAD;
3509;Atxoste;;;IV;;;;;;;Tra;As;RCc;A;D;TraAsRCcAD;
3510;Atxoste;;;IV;;;;;;;Tra;As;CcCv;A;D;TraAsCcCvAD;
3511;Atxoste;;;IV;;;;;;;Tra;As;RCc;A;D;TraAsRCcAD;
3512;Atxoste;;;IV;;;;;;;Tra;As;RCc;A;D;TraAsRCcAD;
3513;Atxoste;;;IV;;;;;;;Tra;As;RCc;A;D;TraAsRCcAD;
3514;Atxoste;;;IV;;;;;;;Tra;As;RCc;A;D;TraAsRCcAD;
3515;Atxoste;;;IIIb2;;;;;;;Tra;As;RCc;A;D;TraAsRCcAD;
3516;Atxoste;;;IIIb2;;;;;;;Tra;As;RCc;A;D;TraAsRCcAD;
3517;Atxoste;;;IIIb2;;;;;;;Tra;As;R;A;D;TraAsRAD;
3518;Atxoste;;;IIIb2;;;;;;;Tra;As;CcCv;A;D;TraAsCcCvAD;
3519;Atxoste;;;IIIb2;;;;;;;Tra;As;Cc;A;D;TraAsCcAD;
3521;Atxoste;;;IIIb2;;;;;;;Tra;As;Cc;A;D;TraAsCcAD;
3522;Atxoste;;;IIIb2;;;;;;;Tra;As;RCc;A;D;TraAsRCcAD;
3523;Atxoste;;;IIIb2;;;;;;;Tra;As;RCc;A;D;TraAsRCcAD;
3524;Atxoste;;;IIIb2;;;;;;;Tra;As;RCc;A;D;TraAsRCcAD;
3525;Atxoste;;;IIIb2;;;;;;;Tra;As;Cc;A;D;TraAsCcAD;
3526;Atxoste;;;IIIb2;;;;;;;Tra;As;Cc;A;D;TraAsCcAD;
3527;Atxoste;;;IIIb2;;;;;;;Tra;As;RCc;A;D;TraAsRCcAD;
3528;Atxoste;;;IIIb2;;;;;;;Tra;As;RCc;A;D;TraAsRCcAD;
3529;Atxoste;;;IIIb2;;;;;;;Tra;As;RCc;A;D;TraAsRCcAD;
3530;Atxoste;;;IIIb2;;;;;;;Tra;As;RCc;A;D;TraAsRCcAD;
3531;Atxoste;;;IIIb2;;;;;;;Tri;S;Cc;A;D;TriSCcAD;
3532;Atxoste;;;IIIb2;;;;;;;Tri;S;Cc;A;D;TriSCcAD;
3533;Atxoste;;;IIIb2;;;;;;;Tri;As;R;A;D;TriAsRAD;
3534;Atxoste;;;IIIb2;;;;;;;Tri;As;R;A;D;TriAsRAD;
3535;Atxoste;;;IIIb2;;;;;;;Tri;As;RCc;A;D;TriAsRCcAD;
3536;Atxoste;;;IIIb2;;;;;;;Tri;As;RCc;A;D;TriAsRCcAD;
3537;Atxoste;;;IIIb2;;;;;;;Se;As;R;A;D;SeAsRAD;
3551;Esplugón;;;3inf;;;;;;;Tra;As;RCc;A;D;TraAsRCcAD;
3552;Esplugón;;;3inf;;;;;;;Tra;As;RCc;A;D;TraAsRCcAD;
3553;Esplugón;;;3inf;;;;;;;Tra;As;RCc;A;D;TraAsRCcAD;
3554;Esplugón;;;3inf;;;;;;;Tra;As;RCc;A;D;TraAsRCcAD;
3555;Esplugón;;;3inf;;;;;;;Tra;As;RCc;A;D;TraAsRCcAD;
3556;Esplugón;;;3inf;;;;;;;Tra;As;RCc;A;D;TraAsRCcAD;
3557;Esplugón;;;3inf;;;;;;;Tra;As;R;A;D;TraAsRAD;
3558;Esplugón;;;3inf;;;;;;;Tra;As;RCc;A;D;TraAsRCcAD;
3559;Esplugón;;;3inf;;;;;;;Tra;As;RCc;A;D;TraAsRCcAD;
3560;Esplugón;;;3inf;;;;;;;Tra;As;RCc;A;D;TraAsRCcAD;
3561;Esplugón;;;3inf;;;;;;;Tra;As;RCc;A;D;TraAsRCcAD;
3562;Esplugón;;;3inf;;;;;;;Tra;As;RCc;A;D;TraAsRCcAD;
3563;Esplugón;;;3inf;;;;;;;Tra;As;RCc;A;D;TraAsRCcAD;
3564;Esplugón;;;3inf;;;;;;;Tra;As;Cc;A;D;TraAsCcAD;
3565;Esplugón;;;3inf;;;;;;;Tra;As;RCv;A;D;TraAsRCvAD;
3566;Esplugón;;;3inf;;;;;;;Tra;As;RCc;AS;D;TraAsRCcASD;
3567;Esplugón;;;3inf;;;;;;;Tra;As;RCc;A;D;TraAsRCcAD;
3568;Esplugón;;;3inf;;;;;;;Tra;As;RCc;A;D;TraAsRCcAD;
3569;Esplugón;;;3inf;;;;;;;Tra;As;Cc;A;D;TraAsCcAD;
3570;Esplugón;;;3inf;;;;;;;Tra;As;Cc;A;D;TraAsCcAD;
3571;Esplugón;;;3inf;;;;;;;Tra;As;Cc;A;D;TraAsCcAD;
3572;Esplugón;;;3inf;;;;;;;Tra;As;RCc;A;D;TraAsRCcAD;
3573;Esplugón;;;3inf;;;;;;;Tra;As;RCc;A;D;TraAsRCcAD;
3574;Esplugón;;;3inf;;;;;;;Tra;As;RCc;AS;B;TraAsRCcASB;
3575;Esplugón;;;3inf;;;;;;;Tra;As;RCc;AS;B;TraAsRCcASB;
3576;Esplugón;;;3inf;;;;;;;Tra;As;RCc;AS;B;TraAsRCcASB;
3577;Esplugón;;;3inf;;;;;;;Tra;As;RCc;A;D;TraAsRCcAD;
3578;Esplugón;;;3inf;;;;;;;Tra;As;RCc;A;D;TraAsRCcAD;
3579;Esplugón;;;3inf;;;;;;;Tra;As;RCc;A;D;TraAsRCcAD;
3580;Esplugón;;;3inf;;;;;;;Tra;As;RCc;A;D;TraAsRCcAD;
3581;Esplugón;;;3inf;;;;;;;Tra;As;RCc;A;D;TraAsRCcAD;
3582;Esplugón;;;3inf;;;;;;;Tri;As;RCc;A;D;TriAsRCcAD;
3583;Esplugón;;;3inf;;;;;;;Tri;As;R;A;D;TriAsRAD;
3584;Esplugón;;;3inf;;;;;;;Tra;As;Cc;A;D;TraAsCcAD;
3585;Esplugón;;;3inf;;;;;;;Tri;As;RCv;A;D;TriAsRCvAD;
3586;Esplugón;;;3inf;;;;;;;Tri;As;RCc;A;D;TriAsRCcAD;
3587;Esplugón;;;3inf;;;;;;;Tri;As;RCc;A;D;TriAsRCcAD;
3588;Esplugón;;;3inf;;;;;;;Tri;S;RCc;A;D;TriSRCcAD;
3589;Esplugón;;;3inf;;;;;;;Tri;As;RCc;A;D;TriAsRCcAD;
3590;Esplugón;;;3inf;;;;;;;Tri;As;RCv;A;D;TriAsRCvAD;
3591;Esplugón;;;3inf;;;;;;;Tri;As;R;A;B;TriAsRAB;
3592;Esplugón;;;3inf;;;;;;;Tri;As;RCv;A;D;TriAsRCvAD;
3593;Esplugón;;;3inf;;;;;;;Tri;As;RCc;A;D;TriAsRCcAD;
3594;Esplugón;;;3inf;;;;;;;Tri;As;RCc;A;D;TriAsRCcAD;
3595;Esplugón;;;3inf;;;;;;;Tri;As;RCc;A;D;TriAsRCcAD;
3596;Esplugón;;;3inf;;;;;;;Se;As;Cv;A;D;SeAsCvAD;
3597;Esplugón;;;3inf;;;;;;;Se;S;Cv;A;B;SeSCvAB;
3617;Espantalobos;;8;c;;;;;;;Tra;As;RCv;A;D;TraAsRCvAD;
3619;Espantalobos;;8;c;;;;;;;Tra;As;RCc;A;D;TraAsRCcAD;
3620;Espantalobos;;8;c;;;;;;;Tra;As;RCc;A;D;TraAsRCcAD;
3621;Espantalobos;;8;c;;;;;;;Tra;As;RCc;A;D;TraAsRCcAD;
3622;Espantalobos;;8;c;;;;;;;Tra;As;RCc;A;D;TraAsRCcAD;
3623;Espantalobos;;8;c;;;;;;;Tra;As;RCc;A;D;TraAsRCcAD;
3624;Espantalobos;;8;c;;;;;;;Tra;As;RCc;A;D;TraAsRCcAD;
3625;Artusia;;;III;;;;;;;Tra;As;RCc;A;D;TraAsRCcAD;
3626;Artusia;;;III;;;;;;;Tra;As;CcCv;A;D;TraAsCcCvAD;
3627;Artusia;;;III;;;;;;;Tra;As;RCc;A;D;TraAsRCcAD;
3628;Artusia;;;III;;;;;;;Tra;As;Cc;A;D;TraAsCcAD;
3629;Artusia;;;V;;;;;;;Tri;As;R;A;D;TriAsRAD;
3630;Artusia;;;V;;;;;;;Tri;As;RCc;A;D;TriAsRCcAD;
3633;Valcervera;;;b;;;;;;;Tra;As;R;A;D;TraAsRAD;
3634;Valcervera;;;b;;;;;;;Tra;As;RCc;A;D;TraAsRCcAD;
3635;Valcervera;;;b;;;;;;;Tri;As;RCc;A;D;TriAsRCcAD;
3636;Valcervera;;;b;;;;;;;Tri;As;RCc;A;D;TriAsRCcAD;
3637;Cabezo;;;cabaña;1351;;;;;;Tra;As;R;A;D;TraAsRAD;
3638;Cabezo;;;cabaña;1351;;;;;;Tra;As;R;A;D;TraAsRAD;
3639;Cabezo;;;cabaña;1351;;;;;;Tra;As;R;A;D;TraAsRAD;
3640;Cabezo;;;cabaña;1351;;;;;;Tra;S;R;A;D;TraSRAD;
3641;Cabezo;;;cabaña;1351;;;;;;Tri;S;R;A;D;TriSRAD;
3642;Cabezo;;;cabaña;1398;;;;;;Tra;S;R;A;D;TraSRAD;
3643;Cabezo;;;cabaña;1398;;;;;;Tra;As;R;A;D;TraAsRAD;
3644;Cabezo;;;cabaña;1441;;;;;;Tra;As;RCc;A;D;TraAsRCcAD;
3661;Botiquería;;;2;;;;;;;Tra;As;Cc;A;D;TraAsCcAD;
3662;Botiquería;;;2;;;;;;;Tra;As;Cc;A;D;TraAsCcAD;
3663;Botiquería;;;2;;;;;;;Tra;As;RCc;A;D;TraAsRCcAD;
3664;Botiquería;;;2;;;;;;;Tra;As;Cc;A;D;TraAsCcAD;
3665;Botiquería;;;2;;;;;;;Tra;As;Cc;A;D;TraAsCcAD;
3666;Botiquería;;;2;;;;;;;Tra;As;RCc;A;D;TraAsRCcAD;
3667;Botiquería;;;2;;;;;;;Tra;As;Cc;A;D;TraAsCcAD;
3668;Botiquería;;;2;;;;;;;Tra;As;Cc;A;D;TraAsCcAD;
3669;Botiquería;;;2;;;;;;;Tra;As;RCc;A;D;TraAsRCcAD;
3670;Botiquería;;;2;;;;;;;Tra;As;RCc;A;D;TraAsRCcAD;
3671;Botiquería;;;2;;;;;;;Tra;As;RCc;A;D;TraAsRCcAD;
3672;Botiquería;;;2;;;;;;;Tra;As;RCc;A;D;TraAsRCcAD;
3673;Botiquería;;;2;;;;;;;Tra;As;RCc;A;D;TraAsRCcAD;
3674;Botiquería;;;2;;;;;;;Tra;As;Cc;A;D;TraAsCcAD;
3675;Botiquería;;;2;;;;;;;Tra;As;Cc;A;D;TraAsCcAD;
3676;Botiquería;;;2;;;;;;;Tra;As;RCc;A;D;TraAsRCcAD;
3677;Botiquería;;;2;;;;;;;Tra;As;R;A;D;TraAsRAD;
3678;Botiquería;;;2;;;;;;;Tra;As;Cv;A;D;TraAsCvAD;
3679;Botiquería;;;2;;;;;;;Tra;As;RCc;A;D;TraAsRCcAD;
3680;Botiquería;;;2;;;;;;;Tra;As;RCc;A;D;TraAsRCcAD;
3681;Botiquería;;;2;;;;;;;Tra;As;Cc;A;D;TraAsCcAD;
3682;Botiquería;;;2;;;;;;;Tra;As;Cc;A;D;TraAsCcAD;
3683;Botiquería;;;2;;;;;;;Tra;As;R;A;D;TraAsRAD;
3684;Botiquería;;;2;;;;;;;Tra;S;R;A;Al;TraSRAAl;
3685;Botiquería;;;2;;;;;;;Tra;As;R;A;D;TraAsRAD;
3686;Botiquería;;;2;;;;;;;Tra;S;Cc;A;D;TraSCcAD;
3687;Botiquería;;;2;;;;;;;Tra;As;RCc;A;D;TraAsRCcAD;
3688;Botiquería;;;2;;;;;;;Tra;As;RCc;A;D;TraAsRCcAD;
3689;Botiquería;;;2;;;;;;;Tra;S;R;A;D;TraSRAD;
3690;Botiquería;;;2;;;;;;;Tri;S;R;S;B;TriSRSB;
3691;Botiquería;;;2;;;;;;;Tra;S;R;A;D;TraSRAD;
3692;Botiquería;;;2;;;;;;;Tra;As;RCc;A;D;TraAsRCcAD;
3693;Botiquería;;;2;;;;;;;Tri;As;RCc;A;D;TriAsRCcAD;
3694;Botiquería;;;2;;;;;;;Tra;As;RCc;A;D;TraAsRCcAD;
3695;Botiquería;;;2;;;;;;;Tra;As;R;A;Al;TraAsRAAl;
3696;Botiquería;;;2;;;;;;;Tra;As;R;A;D;TraAsRAD;
3697;Botiquería;;;2;;;;;;;Tra;As;R;A;D;TraAsRAD;
3698;Botiquería;;;2;;;;;;;Tra;As;RCv;A;D;TraAsRCvAD;
3699;Botiquería;;;2;;;;;;;Tra;As;R;A;Al;TraAsRAAl;
3700;Botiquería;;;2;;;;;;;Tra;As;R;A;D;TraAsRAD;
3701;Botiquería;;;2;;;;;;;Tra;As;R;A;D;TraAsRAD;
3702;Botiquería;;;2;;;;;;;Tra;As;R;A;D;TraAsRAD;
3703;Botiquería;;;2;;;;;;;Tra;As;RCc;AS;Al;TraAsRCcASAl;
3704;Botiquería;;;4;;;;;;;Tri;As;Cc;A;D;TriAsCcAD;
3705;Botiquería;;;4;;;;;;;Tri;As;RCc;A;D;TriAsRCcAD;
3706;Botiquería;;;4;;;;;;;Tri;As;RCc;A;D;TriAsRCcAD;
3707;Botiquería;;;4;;;;;;;Tri;As;RCv;A;D;TriAsRCvAD;
3708;Botiquería;;;4;;;;;;;Tri;As;RCv;A;D;TriAsRCvAD;
3709;Botiquería;;;4;;;;;;;Tra;As;RCc;A;D;TraAsRCcAD;
3710;Botiquería;;;4;;;;;;;Tra;As;Cc;A;D;TraAsCcAD;
3711;Botiquería;;;4;;;;;;;Tra;As;R;A;D;TraAsRAD;
3712;Botiquería;;;4;;;;;;;Tra;As;RCv;A;D;TraAsRCvAD;
3713;Botiquería;;;4;;;;;;;Tra;As;R;A;D;TraAsRAD;
3714;Botiquería;;;4;;;;;;;Tri;As;RCv;S;B;TriAsRCvSB;
3715;Botiquería;;;4;;;;;;;Tra;As;Cc;S;B;TraAsCcSB;
3716;Botiquería;;;4;;;;;;;Tri;As;Cc;S;B;TriAsCcSB;
3717;Botiquería;;;4;;;;;;;Tri;As;RCc;S;B;TriAsRCcSB;
3718;Botiquería;;;4;;;;;;;Tri;As;Cc;A;D;TriAsCcAD;
3719;Botiquería;;;4;;;;;;;Tri;As;Cc;A;D;TriAsCcAD;
3720;Benàmer;I;;;2591;;;;;;Tra;As;RCc;A;D;TraAsRCcAD;
3721;Benàmer;I;;;2591;;;;;;Tra;As;RCc;A;D;TraAsRCcAD;
3722;Benàmer;I;;;2591;;;;;;Tra;As;RCc;A;D;TraAsRCcAD;
3723;Benàmer;I;;;2591;;;;;;Tra;S;RCc;A;D;TraSRCcAD;
3724;Benàmer;I;;;2591;;;;;;Tra;As;RCc;A;D;TraAsRCcAD;
3725;Benàmer;I;;;2591;;;;;;Tra;As;Cc;A;D;TraAsCcAD;
3726;Benàmer;I;;;2580;;;;;;Tra;As;Cc;A;D;TraAsCcAD;
3727;Benàmer;I;;;2580;;;;;;Tra;As;RCc;A;D;TraAsRCcAD;
3728;Benàmer;I;;;2580;;;;;;Tra;As;Cv;A;D;TraAsCvAD;
3729;Benàmer;I;;;2580;;;;;;Tra;As;RCc;A;D;TraAsRCcAD;
3730;Benàmer;I;;;2580;;;;;;Tra;As;Cc;A;D;TraAsCcAD;
3731;Benàmer;I;;;2580;;;;;;Tra;As;R;A;D;TraAsRAD;
3732;Benàmer;I;;;2580;;;;;;Tra;As;Cc;A;D;TraAsCcAD;
3733;Benàmer;I;;;2580;;;;;;Tra;S;Cc;A;D;TraSCcAD;
3734;Benàmer;I;;;2551;;;;;;Tra;As;Cc;A;D;TraAsCcAD;
3735;Benàmer;I;;;2551;;;;;;Tra;As;Cc;A;D;TraAsCcAD;
3736;Benàmer;I;;;2551;;;;;;Tra;As;Cc;A;D;TraAsCcAD;
3737;Benàmer;I;;;2551;;;;;;Tra;As;RCc;A;D;TraAsRCcAD;
3738;Benàmer;I;;;2551;;;;;;Tra;As;RCc;A;D;TraAsRCcAD;
3739;Benàmer;I;;;2551;;;;;;Tra;As;Cc;A;D;TraAsCcAD;
3740;Benàmer;I;;;2551;;;;;;Tra;As;R;A;D;TraAsRAD;
3741;Benàmer;I;;;2551;;;;;;Tra;As;RCc;A;D;TraAsRCcAD;
3742;Benàmer;I;;;2551;;;;;;Tra;S;R;A;D;TraSRAD;
3743;Benàmer;I;;;2551;;;;;;Tra;S;Cc;A;D;TraSCcAD;
3744;Benàmer;I;;;2551;;;;;;Tra;As;Cc;A;D;TraAsCcAD;
3745;Benàmer;I;;;2551;;;;;;Tra;As;Cv;A;D;TraAsCvAD;
3746;Benàmer;I;;;2551;;;;;;Tra;As;Cv;A;D;TraAsCvAD;
3747;Benàmer;I;;;2551;;;;;;Tra;As;Cv;A;D;TraAsCvAD;
3748;Benàmer;I;;;2211;;;;;;Tra;As;RCv;A;D;TraAsRCvAD;
3749;Benàmer;I;;;2211;;;;;;Tra;As;RCc;A;D;TraAsRCcAD;
3750;Benàmer;I;;;2211;;;;;;Tra;As;R;A;D;TraAsRAD;
3751;Benàmer;I;;;2211;;;;;;Tra;As;RCc;A;D;TraAsRCcAD;
3759;Forcas;;;II;;;;;;;Tri;As;RCc;A;D;TriAsRCcAD;
3760;Forcas;;;II;;;;;;;Tri;As;RCc;A;D;TriAsRCcAD;
3761;Forcas;;;II;;;;;;;Tri;As;RCc;A;D;TriAsRCcAD;
3762;Forcas;;;II;;;;;;;Tri;As;Cc;A;D;TriAsCcAD;
3763;Forcas;;;II;;;;;;;Tri;As;RCc;A;D;TriAsRCcAD;
3764;Forcas;;;II;;;;;;;Tri;As;RCc;A;D;TriAsRCcAD;
3765;Forcas;;;II;;;;;;;Tra;As;Cc;A;D;TraAsCcAD;
3766;Forcas;;;II;;;;;;;Tra;As;RCc;A;D;TraAsRCcAD;
3767;Forcas;;;II;;;;;;;Tra;As;Cc;A;D;TraAsCcAD;
3768;Forcas;;;II;;;;;;;Tra;As;RCc;A;D;TraAsRCcAD;
3769;Forcas;;;II;;;;;;;Tri;As;RCc;A;D;TriAsRCcAD;
3770;Forcas;;;II;;;;;;;Tra;As;RCc;A;D;TraAsRCcAD;
3771;Forcas;;;II;;;;;;;Tra;As;RCc;A;D;TraAsRCcAD;
3772;Forcas;;;II;;;;;;;Tra;As;R;A;D;TraAsRAD;
3773;Forcas;;;IV;;;;;;;Tra;As;RCc;A;D;TraAsRCcAD;
3774;Forcas;;;IV;;;;;;;Tra;As;Cc;A;D;TraAsCcAD;
3775;Forcas;;;IV;;;;;;;Tra;As;RCc;A;D;TraAsRCcAD;
3776;Forcas;;;IV;;;;;;;Tri;As;RCc;A;D;TriAsRCcAD;
3777;Forcas;;;IV;;;;;;;Tri;As;Cc;A;D;TriAsCcAD;
3778;Forcas;;;IV;;;;;;;Tra;As;RCc;A;D;TraAsRCcAD;
3779;Forcas;;;IV;;;;;;;Tra;As;Cc;A;D;TraAsCcAD;
3780;Forcas;;;IV;;;;;;;Tra;As;RCc;A;D;TraAsRCcAD;
3781;Forcas;;;IV;;;;;;;Tra;As;RCc;A;D;TraAsRCcAD;
3782;Forcas;;;IV;;;;;;;Tra;As;R;A;D;TraAsRAD;
3783;Forcas;;;IV;;;;;;;Tra;As;RCc;A;D;TraAsRCcAD;
3784;Forcas;;;IV;;;;;;;Tra;As;R;A;D;TraAsRAD;
3785;Forcas;;;IV;;;;;;;Tra;As;RCc;A;D;TraAsRCcAD;
3786;Forcas;;;IV;;;;;;;Tra;As;Cc;A;D;TraAsCcAD;
3787;Forcas;;;IV;;;;;;;Tra;As;RCc;A;D;TraAsRCcAD;
3788;Forcas;;;IV;;;;;;;Tra;As;RCc;A;D;TraAsRCcAD;
3789;Forcas;;;IV;;;;;;;Tra;As;RCc;A;D;TraAsRCcAD;
3790;Forcas;;;IV;;;;;;;Tra;As;R;A;D;TraAsRAD;
3791;Forcas;;;IV;;;;;;;Tra;As;R;A;Al;TraAsRAAl;
3792;Forcas;;;IV;;;;;;;Tra;As;R;A;Al;TraAsRAAl;
3793;Forcas;;;IV;;;;;;;Tri;As;R;AS;B;TriAsRASB;
3794;Forcas;;;IV;;;;;;;Tri;As;RCv;A;B;TriAsRCvAB;
3795;Forcas;;;IV;;;;;;;Tra;S;R;A;D;TraSRAD;
3796;Forcas;;;IV;;;;;;;Tra;S;R;AS;B;TraSRASB;
3797;Forcas;;;IV;;;;;;;Tri;S;R;A;Al;TriSRAAl;
3798;Forcas;;;IV;;;;;;;Tri;S;RCv;A;D;TriSRCvAD;
3800;Fal;;;Xa;3152;;;;;VIII;Tra;As;R;A;D;TraAsRAD;
3801;Fal;;;VIII;3200;;;;;VII inf;Tra;As;R;A;D;TraAsRAD;
3802;Fal;;;VIII;3188;;;;;VII inf;Tra;As;RCc;A;D;TraAsRCcAD;
3803;Mas_Nou;;5;III;Enterramiento;;;;;;Se;S;Cv;A;D;SeSCvAD;
3804;Mas_Nou;;5;III;Enterramiento;;;;;;Tri;As;Cc;A;D;TriAsCcAD;
3806;Cocina;B3;1945 EI;;;;6;;;;Tra;As;Cv;A;D;TraAsCvAD;
3807;Cocina;B3;1945 EI;;;;6;;;;Tri;As;Cc;A;D;TriAsCcAD;
3808;Cocina;B3;1945 EI;;;;6;;;;Tri;As;Cc;A;D;TriAsCcAD;
3809;Cocina;B3;1945 EI;;;;6;;;;Tri;As;Cv;A;D;TriAsCvAD;
3810;Cocina;B3;1945 EI;;;;6;;;;Tri;As;Cc;A;D;TriAsCcAD;
3811;Cocina;B3;1945 EI;;;;6;;;;Tri;As;RCc;A;D;TriAsRCcAD;
3812;Cocina;B3;1945 EI;;;;6;;;;Tri;As;Cv;A;D;TriAsCvAD;
3813;Cocina;B3;1945 EI;;;;6;;;;Tra;As;Cv;A;D;TraAsCvAD;
3814;Cocina;B3;1945 EI;;;;6;;;;Tra;As;Cv;A;D;TraAsCvAD;
3815;Cocina;B3;1945 EI;;;;6;;;;Tra;As;RCc;A;D;TraAsRCcAD;
3816;Cocina;B3;1945 EI;;;;6;;;;Tra;As;RCc;A;D;TraAsRCcAD;
3817;Cocina;B3;1945 EI;;;;6;;;;Se;S;Cv;A;D;SeSCvAD;
3818;Cocina;B3;1945 EI;;;;6;;;;Se;S;Cv;A;D;SeSCvAD;
3819;Cocina;B3;1945 EI;;;;6;;;;Tra;As;Cv;A;D;TraAsCvAD;
3820;Cocina;B3;1945 EI;;;;6;;;;Tri;As;R;A;D;TriAsRAD;
3821;Cocina;B3;1945 EI;;;;6;;;;Tri;As;RCc;A;D;TriAsRCcAD;
3822;Cocina;B3;1945 EI;;;;6;;;;Tri;As;Cc;A;D;TriAsCcAD;
3823;Cocina;B3;1945 EI;;;;6;;;;Tra;As;Cc;A;D;TraAsCcAD;
3824;Cocina;B3;1945 EI;;;;6;;;;Tra;As;Cc;A;D;TraAsCcAD;
3825;Cocina;B3;1945 EI;;;;6;;;;Tra;As;Cc;A;D;TraAsCcAD;
3826;Cocina;B2;1945 EI;;;;7;;;;Tri;As;Cc;A;D;TriAsCcAD;
3827;Cocina;B2;1945 EI;;;;7;;;;Tri;As;Cv;A;D;TriAsCvAD;
3828;Cocina;B2;1945 EI;;;;7;;;;Tri;As;Cc;A;D;TriAsCcAD;
3829;Cocina;B2;1945 EI;;;;7;;;;Tri;As;RCc;A;D;TriAsRCcAD;
3830;Cocina;B2;1945 EI;;;;7;;;;Tra;As;Cc;A;D;TraAsCcAD;
3831;Cocina;B2;1945 EI;;;;7;;;;Tra;As;RCc;A;D;TraAsRCcAD;
3832;Cocina;B2;1945 EI;;;;7;;;;Tra;As;RCc;A;D;TraAsRCcAD;
3833;Cocina;B2;1945 EI;;;;7;;;;Tra;As;RCv;A;D;TraAsRCvAD;
3834;Cocina;B2;1945 EI;;;;7;;;;Tri;As;Cc;A;D;TriAsCcAD;
3835;Cocina;B2;1945 EI;;;;7;;;;Tri;As;Cc;A;D;TriAsCcAD;
3836;Cocina;B2;1945 EI;;;;7;;;;Tri;As;Cc;A;D;TriAsCcAD;
3837;Cocina;B2;1945 EI;;;;7;;;;Tra;As;Cc;A;D;TraAsCcAD;
3838;Cocina;B2;1945 EI;;;;7;;;;Tri;As;Cc;A;D;TriAsCcAD;
3839;Cocina;B2;1945 EI;;;;8;;;;Tri;As;Cc;A;D;TriAsCcAD;
3840;Cocina;B2;1945 EI;;;;8;;;;Tra;As;Cv;A;D;TraAsCvAD;
3841;Cocina;B2;1945 EI;;;;8;;;;Tri;As;Cc;A;D;TriAsCcAD;
3842;Cocina;B2;1945 EI;;;;8;;;;Tra;As;Cc;A;D;TraAsCcAD;
3843;Cocina;B2;1945 EI;;;;8;;;;Tri;As;Cc;A;D;TriAsCcAD;
3844;Cocina;B2;1945 EI;;;;8;;;;Tri;As;Cc;A;D;TriAsCcAD;
3845;Cocina;B2;1941;;;;2;;;;Tra;As;R;A;D;TraAsRAD;
3846;Cocina;B2;1941;;;;2;;;;Tra;As;Cc;A;D;TraAsCcAD;
3847;Cocina;B2;1941;;;;2;;;;Tra;S;Cc;A;D;TraSCcAD;
3848;Cocina;B2;1941;;;;2;;;;Tra;As;RCc;A;D;TraAsRCcAD;
3849;Cocina;B2;1941;;;;2;;;;Tra;As;Cc;A;D;TraAsCcAD;
3850;Cocina;B2;1941;;;;2;;;;Tri;As;RCc;A;D;TriAsRCcAD;
3851;Cocina;B2;1941;;;;2;;;;Tri;As;RCv;A;D;TriAsRCvAD;
3852;Cocina;B2;1941;;;;2;;;;Tra;As;Cc;A;D;TraAsCcAD;
3853;Cocina;B2;1941;;;;2;;;;Tri;As;Cc;A;D;TriAsCcAD;
3854;Cocina;B2;1941;;;;2;;;;Tri;As;Cc;A;D;TriAsCcAD;
3855;Cocina;B2;1941;;;;2;;;;Tri;As;Cc;A;D;TriAsCcAD;
3856;Cocina;B2;1941;;;;2;;;;Tri;As;Cc;A;D;TriAsCcAD;
3857;Cocina;B2;1941;;;;2;;;;Tri;As;Cc;A;D;TriAsCcAD;
3858;Cocina;B2;1941;;;;2;;;;Tra;As;Cc;A;D;TraAsCcAD;
3859;Cocina;B2;1941;;;;2;;;;Tra;As;Cc;A;D;TraAsCcAD;
3860;Cocina;B2;1941;;;;2;;;;Tri;As;Cc;A;D;TriAsCcAD;
3861;Cocina;B2;1941;;;;2;;;;Tri;As;Cc;A;D;TriAsCcAD;
3862;Cocina;B2;1941;;;;2;;;;Tra;As;Cc;A;D;TraAsCcAD;
3863;Cocina;B2;1941;;;;2;;;;Tra;As;Cv;A;D;TraAsCvAD;
3864;Cocina;B2;1941;;;;2;;;;Tri;As;Cc;A;D;TriAsCcAD;
3865;Cocina;B2;1941;;;;2;;;;Tra;As;Cc;A;D;TraAsCcAD;
3866;Cocina;B2;1941;;;;3;;;;Tri;As;Cc;A;D;TriAsCcAD;
3867;Cocina;B2;1941;;;;3;;;;Tri;As;Cc;A;D;TriAsCcAD;
3868;Cocina;B2;1941;;;;3;;;;Tri;As;Cc;A;D;TriAsCcAD;
3869;Cocina;B2;1941;;;;3;;;;Tri;As;Cc;A;D;TriAsCcAD;
3870;Cocina;B2;1941;;;;3;;;;Tri;As;Cc;A;D;TriAsCcAD;
3871;Cocina;B2;1941;;;;3;;;;Tri;As;Cc;A;D;TriAsCcAD;
3872;Cocina;B2;1941;;;;3;;;;Tra;As;Cc;A;D;TraAsCcAD;
3873;Cocina;B2;1941;;;;3;;;;Tri;As;Cc;A;D;TriAsCcAD;
3874;Cocina;B2;1941;;;;3;;;;Tri;As;Cc;A;D;TriAsCcAD;
3875;Cocina;B2;1941;;;;3;;;;Tra;As;Cc;A;D;TraAsCcAD;
3876;Cocina;B2;1941;;;;3;;;;Tri;As;Cc;A;D;TriAsCcAD;
3877;Cocina;B2;1941;;;;3;;;;Tri;As;Cc;A;D;TriAsCcAD;
3878;Cocina;B2;1941;;;;3;;;;Tra;As;Cc;A;D;TraAsCcAD;
3879;Cocina;B2;1941;;;;3;;;;Tri;As;Cc;A;D;TriAsCcAD;
3880;Cocina;B2;1941;;;;3;;;;Tri;As;RCc;A;D;TriAsRCcAD;
3881;Cocina;B2;1941;;;;3;;;;Tri;As;R;A;D;TriAsRAD;
3882;Cocina;B2;1941;;;;3;;;;Tri;As;Cc;A;D;TriAsCcAD;
3883;Cocina;B2;1941;;;;3;;;;Tra;As;Cc;A;D;TraAsCcAD;
3884;Cocina;B2;1941;;;;3;;;;Tri;As;RCc;A;D;TriAsRCcAD;
3885;Cocina;B2;1941;;;;3;;;;Tri;As;Cc;A;D;TriAsCcAD;
3886;Cocina;B2;1941;;;;3;;;;Tra;As;Cc;A;D;TraAsCcAD;
3887;Cocina;B2;1941;;;;3;;;;Tri;As;Cc;A;D;TriAsCcAD;
3888;Cocina;B2;1941;;;;3;;;;Tri;As;Cc;A;D;TriAsCcAD;
3889;Cocina;B2;1941;;;;3;;;;Tri;As;Cc;A;D;TriAsCcAD;
3890;Cocina;B2;1941;;;;3;;;;Tri;As;Cc;A;D;TriAsCcAD;
3891;Cocina;B2;1941;;;;3;;;;Tri;As;Cc;A;D;TriAsCcAD;
3892;Cocina;B2;1941;;;;3;;;;Tri;As;Cc;A;D;TriAsCcAD;
3893;Cocina;B2;1941;;;;3;;;;Tri;As;Cc;A;D;TriAsCcAD;
3894;Cocina;B2;1941;;;;3;;;;Tri;As;Cv;A;D;TriAsCvAD;
3895;Cocina;B2;1941;;;;3;;;;Tra;As;RCc;A;D;TraAsRCcAD;
3896;Cocina;B2;1941;;;;3;;;;Tra;As;RCc;A;D;TraAsRCcAD;
3897;Cocina;B2;1941;;;;3;;;;Tra;As;Cv;A;D;TraAsCvAD;
3898;Cocina;B2;1941;;;;3;;;;Tra;As;Cc;A;D;TraAsCcAD;
3899;Cocina;B2;1941;;;;3;;;;Tra;As;Cc;A;D;TraAsCcAD;
3900;Cocina;B2;1941;;;;3;;;;Tra;As;Cc;A;D;TraAsCcAD;
3901;Cocina;B2;1941;;;;3;;;;Tra;As;Cc;A;D;TraAsCcAD;
3902;Cocina;B2;1941;;;;3;;;;Tra;As;RCc;A;D;TraAsRCcAD;
3903;Cocina;B2;1941;;;;3;;;;Tra;As;RCc;A;D;TraAsRCcAD;
3904;Cocina;B2;1941;;;;3;;;;Tra;As;RCc;A;D;TraAsRCcAD;
3905;Cocina;B2;1941;;;;3;;;;Tra;As;Cc;A;D;TraAsCcAD;
3906;Cocina;B2;1941;;;;3;;;;Tra;As;Cc;A;D;TraAsCcAD;
3907;Cocina;B2;1941;;;;3;;;;Tra;As;Cc;A;D;TraAsCcAD;
3908;Cocina;B2;1941;;;;3;;;;Tra;As;Cc;A;D;TraAsCcAD;
3909;Cocina;B2;1941;;;;3;;;;Tra;As;RCc;A;D;TraAsRCcAD;
3910;Cocina;B2;1941;;;;3;;;;Tra;As;RCc;A;D;TraAsRCcAD;
3911;Cocina;B2;1941;;;;3;;;;Tra;S;R;A;D;TraSRAD;
3912;Cocina;B2;1941;;;;3;;;;Tra;As;RCc;A;D;TraAsRCcAD;
3913;Cocina;B2;1941;;;;3;;;;Tra;As;Cc;A;D;TraAsCcAD;
3914;Cocina;B2;1941;;;;3;;;;Tra;As;Cv;A;D;TraAsCvAD;
3915;Cocina;B2;1941;;;;3;;;;Tra;As;Cv;A;D;TraAsCvAD;
3916;Cocina;B2;1941;;;;3;;;;Tri;As;RCc;A;D;TriAsRCcAD;
3917;Cocina;B2;1941;;;;3;;;;Tri;As;Cc;A;D;TriAsCcAD;
3918;Cocina;B2;1941;;;;3;;;;Tri;As;Cc;A;D;TriAsCcAD;
3919;Cocina;B2;1941;;;;3;;;;Tri;As;Cc;A;D;TriAsCcAD;
3920;Cocina;B2;1941;;;;3;;;;Tri;As;Cc;A;D;TriAsCcAD;
3921;Cocina;B2;1941;;;;3;;;;Tri;As;Cc;A;D;TriAsCcAD;
3922;Cocina;B2;1941;;;;3;;;;Tra;As;Cc;A;D;TraAsCcAD;
3923;Cocina;B2;1941;;;;3;;;;Tra;As;RCc;A;D;TraAsRCcAD;
3924;Cocina;B2;1941;;;;3;;;;Tra;As;Cc;A;D;TraAsCcAD;
3925;Cocina;B2;1941;;;;3;;;;Tra;As;RCc;A;D;TraAsRCcAD;
3926;Cocina;B2;1941;;;;3;;;;Tri;As;Cc;A;D;TriAsCcAD;
3927;Cocina;B2;1941;;;;3;;;;Tri;As;Cc;A;D;TriAsCcAD;
3928;Cocina;B2;1941;;;;3;;;;Tri;As;Cc;A;D;TriAsCcAD;
3929;Cocina;B2;1941;;;;3;;;;Tri;As;RCc;A;D;TriAsRCcAD;
3930;Cocina;B2;1941;;;;3;;;;Tra;As;RCc;A;D;TraAsRCcAD;
3931;Cocina;B2;1941;;;;3;;;;Tra;As;Cc;A;D;TraAsCcAD;
3932;Cocina;B2;1941;;;;3;;;;Tra;As;Cc;A;D;TraAsCcAD;
3933;Cocina;B2;1941;;;;3;;;;Tra;As;RCc;A;D;TraAsRCcAD;
3934;Cocina;B2;1941;;;;3;;;;Tra;As;Cc;A;D;TraAsCcAD;
3935;Cocina;B2;1941;;;;3;;;;Tra;As;Cc;A;D;TraAsCcAD;
3936;Cocina;B2;1941;;;;3;;;;Tri;As;RCc;A;D;TriAsRCcAD;
3937;Cocina;B2;1941;;;;3;;;;Tra;As;Cc;A;D;TraAsCcAD;
3938;Cocina;B2;1941;;;;3;;;;Tri;As;Cc;A;D;TriAsCcAD;
3939;Cocina;B2;1941;;;;3;;;;Tri;As;Cc;A;D;TriAsCcAD;
3940;Cocina;B2;1941;;;;3;;;;Tri;As;Cc;A;D;TriAsCcAD;
3941;Cocina;B2;1941;;;;3;;;;Tri;As;Cc;A;D;TriAsCcAD;
3942;Cocina;B2;1941;;;;3;;;;Tri;As;Cc;A;D;TriAsCcAD;
3943;Cocina;B2;1941;;;;3;;;;Tri;As;Cc;A;D;TriAsCcAD;
3944;Cocina;B2;1941;;;;3;;;;Tri;As;Cc;A;D;TriAsCcAD;
3945;Cocina;B2;1941;;;;3;;;;Tra;As;Cc;A;D;TraAsCcAD;
3946;Cocina;B2;1941;;;;3;;;;Tri;As;Cc;A;D;TriAsCcAD;
3947;Cocina;B2;1941;;;;3;;;;Tri;As;Cc;A;D;TriAsCcAD;
3948;Cocina;B2;1941;;;;3;;;;Tri;As;Cc;A;D;TriAsCcAD;
3949;Cocina;B2;1941;;;;3;;;;Tri;As;Cc;A;D;TriAsCcAD;
3950;Cocina;B2;1941;;;;3;;;;Tri;As;Cc;A;D;TriAsCcAD;
3951;Cocina;B2;1941;;;;3;;;;Tri;As;Cc;A;D;TriAsCcAD;
3952;Cocina;B2;1941;;;;3;;;;Tra;As;Cc;A;D;TraAsCcAD;
3953;Cocina;B2;1941;;;;3;;;;Tra;As;Cc;A;D;TraAsCcAD;
3954;Cocina;B2;1941;;;;3;;;;Tra;As;RCc;A;D;TraAsRCcAD;
3955;Cocina;B2;1941;;;;3;;;;Tra;As;RCc;A;D;TraAsRCcAD;
3956;Cocina;B2;1941;;;;3;;;;Tra;As;Cc;A;D;TraAsCcAD;
3957;Cocina;B2;1941;;;;3;;;;Tri;As;Cc;A;D;TriAsCcAD;
3958;Cocina;B2;1941;;;;3;;;;Tri;As;Cc;A;D;TriAsCcAD;
3959;Cocina;B2;1941;;;;3;;;;Tri;As;Cc;A;D;TriAsCcAD;
3960;Cocina;B2;1941;;;;3;;;;Tri;As;Cc;A;D;TriAsCcAD;
3961;Cocina;B2;1941;;;;3;;;;Tri;As;RCc;A;D;TriAsRCcAD;
3962;Cocina;B2;1941;;;;3;;;;Tri;As;Cv;A;D;TriAsCvAD;
3963;Cocina;B2;1941;;;;3;;;;Tri;As;Cc;A;D;TriAsCcAD;
3964;Cocina;B2;1941;;;;3;;;;Tri;As;Cc;A;D;TriAsCcAD;
3965;Cocina;B2;1941;;;;3;;;;Tri;As;Cc;A;D;TriAsCcAD;
3966;Cocina;B2;1941;;;;3;;;;Tri;As;Cc;A;D;TriAsCcAD;
3967;Cocina;B2;1941;;;;3;;;;Tra;As;Cc;A;D;TraAsCcAD;
3968;Cocina;B2;1941;;;;3;;;;Tra;As;Cc;A;D;TraAsCcAD;
3969;Cocina;B2;1941;;;;3;;;;Tra;As;Cc;A;D;TraAsCcAD;
3970;Cocina;B2;1941;;;;3;;;;Tra;As;RCc;A;D;TraAsRCcAD;
3971;Cocina;B2;1941;;;;3;;;;Tra;As;RCc;A;D;TraAsRCcAD;
3972;Cocina;B2;1941;;;;3;;;;Tra;As;RCc;A;D;TraAsRCcAD;
3973;Cocina;B2;1941;;;;3;;;;Tra;As;Cc;A;D;TraAsCcAD;
3974;Cocina;B2;1941;;;;3;;;;Tra;As;Cc;A;D;TraAsCcAD;
3975;Cocina;B2;1941;;;;3;;;;Tra;As;RCc;A;D;TraAsRCcAD;
3976;Cocina;B2;1941;;;;3;;;;Tra;As;Cc;A;D;TraAsCcAD;
3977;Cocina;B2;1941;;;;3;;;;Tra;As;Cc;A;D;TraAsCcAD;
3978;Cocina;B2;1941;;;;3;;;;Tri;As;Cv;A;D;TriAsCvAD;
3979;Cocina;B1;1945 EI;;;;9;;;;Tra;As;Cc;A;D;TraAsCcAD;
3980;Cocina;B1;1945 EI;;;;9;;;;Tra;As;RCc;A;D;TraAsRCcAD;
3981;Cocina;B1;1945 EI;;;;9;;;;Tra;As;Cc;A;D;TraAsCcAD;
3982;Cocina;B1;1945 EI;;;;9;;;;Tra;S;RCc;A;D;TraSRCcAD;
3983;Cocina;B1;1945 EI;;;;9;;;;Tra;S;Cc;A;D;TraSCcAD;
3984;Cocina;B1;1945 EI;;;;9;;;;Tra;As;RCc;A;D;TraAsRCcAD;
3985;Cocina;B1;1945 EI;;;;9;;;;Tra;S;Cc;A;D;TraSCcAD;
3986;Cocina;B1;1945 EI;;;;9;;;;Tra;As;RCc;A;D;TraAsRCcAD;
3987;Cocina;B1;1945 EI;;;;9;;;;Tri;As;Cv;A;D;TriAsCvAD;
3988;Cocina;B1;1945 EI;;;;9;;;;Tri;As;Cc;A;D;TriAsCcAD;
3989;Cocina;B1;1945 EI;;;;9;;;;Tri;As;Cv;A;D;TriAsCvAD;
3990;Cocina;B1;1945 EI;;;;9;;;;Tra;As;Cc;A;D;TraAsCcAD;
3991;Cocina;B1;1945 EI;;;;10;;;;Tra;As;RCc;A;D;TraAsRCcAD;
3992;Cocina;B1;1945 EI;;;;10;;;;Tra;As;RCc;A;D;TraAsRCcAD;
3993;Cocina;B1;1945 EI;;;;10;;;;Tri;As;Cc;A;D;TriAsCcAD;
3994;Cocina;B1;1945 EI;;;;10;;;;Tri;As;Cc;A;D;TriAsCcAD;
3995;Cocina;B1;1945 EI;;;;10;;;;Tra;As;RCc;A;D;TraAsRCcAD;
3996;Cocina;B1;1945 EI;;;;10;;;;Tra;As;Cc;A;D;TraAsCcAD;
3997;Cocina;B1;1945 EI;;;;10;;;;Tra;S;Cc;A;D;TraSCcAD;
3998;Cocina;B1;1945 EI;;;;10;;;;Tra;As;Cc;A;D;TraAsCcAD;
3999;Cocina;B1;1945 EI;;;;10;;;;Tra;As;Cc;A;D;TraAsCcAD;
4000;Cocina;B1;1945 EI;;;;10;;;;Tra;As;Cc;A;D;TraAsCcAD;
4001;Cocina;B1;1945 EI;;;;10;;;;Tra;As;Cc;A;D;TraAsCcAD;
4002;Cocina;B1;1945 EI;;;;10;;;;Tra;As;RCc;A;D;TraAsRCcAD;
4003;Cocina;B1;1945 EI;;;;10;;;;Tra;As;RCc;A;D;TraAsRCcAD;
4004;Cocina;B1;1945 EI;;;;10;;;;Tra;S;Cc;A;D;TraSCcAD;
4005;Cocina;B1;1945 EI;;;;10;;;;Tri;As;RCc;A;D;TriAsRCcAD;
4006;Cocina;B1;1945 EI;;;;10;;;;Tri;As;Cc;A;D;TriAsCcAD;
4007;Cocina;B1;1945 EI;;;;10;;;;Tra;As;Cc;A;D;TraAsCcAD;
4008;Cocina;B1;1945 EI;;;;10;;;;Tra;As;Cc;A;D;TraAsCcAD;
4009;Cocina;B1;1945 EI;;;;10;;;;Tri;As;Cv;A;D;TriAsCvAD;
4010;Cocina;B1;1941;;;;4;;;;Tra;As;Cv;A;D;TraAsCvAD;
4011;Cocina;B1;1941;;;;4;;;;Tra;As;Cc;A;D;TraAsCcAD;
4012;Cocina;B1;1941;;;;4;;;;Tra;As;Cc;A;D;TraAsCcAD;
4013;Cocina;B1;1941;;;;4;;;;Tra;As;Cv;A;D;TraAsCvAD;
4014;Cocina;B1;1941;;;;4;;;;Tra;As;Cc;A;D;TraAsCcAD;
4015;Cocina;B1;1941;;;;4;;;;Tra;As;RCc;A;D;TraAsRCcAD;
4016;Cocina;B1;1941;;;;4;;;;Tra;As;Cc;A;D;TraAsCcAD;
4017;Cocina;B1;1941;;;;4;;;;Tra;As;RCc;A;D;TraAsRCcAD;
4018;Cocina;B1;1941;;;;4;;;;Tra;As;Cc;A;D;TraAsCcAD;
4019;Cocina;B1;1941;;;;4;;;;Tra;As;Cc;A;D;TraAsCcAD;
4020;Cocina;B1;1941;;;;4;;;;Tri;As;Cv;A;D;TriAsCvAD;
4021;Cocina;B1;1941;;;;4;;;;Tri;As;Cv;A;D;TriAsCvAD;
4022;Cocina;B1;1941;;;;4;;;;Tri;As;Cc;A;D;TriAsCcAD;
4023;Cocina;B1;1941;;;;4;;;;Tri;As;Cc;A;D;TriAsCcAD;
4024;Cocina;B1;1941;;;;4;;;;Tri;As;Cc;A;D;TriAsCcAD;
4025;Cocina;B1;1941;;;;4;;;;Tri;As;RCc;A;D;TriAsRCcAD;
4026;Cocina;B1;1941;;;;4;;;;Tri;As;Cc;A;D;TriAsCcAD;
4027;Cocina;B1;1941;;;;4;;;;Tri;As;Cc;A;D;TriAsCcAD;
4028;Cocina;B1;1941;;;;4;;;;Tri;As;RCc;A;D;TriAsRCcAD;
4029;Cocina;B1;1941;;;;4;;;;Tri;As;Cc;A;D;TriAsCcAD;
4030;Cocina;B1;1941;;;;4;;;;Tri;As;Cc;A;D;TriAsCcAD;
4031;Cocina;B1;1941;;;;4;;;;Tri;As;Cc;A;D;TriAsCcAD;
4032;Cocina;B1;1941;;;;4;;;;Tri;As;Cc;A;D;TriAsCcAD;
4033;Cocina;B1;1941;;;;4;;;;Tri;As;Cc;A;D;TriAsCcAD;
4034;Cocina;B1;1941;;;;4;;;;Tri;As;RCc;A;D;TriAsRCcAD;
4035;Cocina;B1;1941;;;;4;;;;Tri;As;Cc;A;D;TriAsCcAD;
4036;Cocina;B1;1941;;;;4;;;;Tri;As;RCc;A;D;TriAsRCcAD;
4037;Cocina;B1;1941;;;;4;;;;Tri;As;Cc;A;D;TriAsCcAD;
4038;Cocina;B1;1941;;;;4;;;;Tra;As;Cv;A;D;TraAsCvAD;
4039;Cocina;B1;1941;;;;5;;;;Tra;As;RCc;A;D;TraAsRCcAD;
4040;Cocina;B1;1941;;;;5;;;;Tra;As;Cc;A;D;TraAsCcAD;
4041;Cocina;B1;1941;;;;5;;;;Tri;As;Cc;A;D;TriAsCcAD;
4042;Cocina;B1;1941;;;;5;;;;Tra;As;Cc;A;D;TraAsCcAD;
4043;Cocina;B1;1941;;;;5;;;;Tri;As;RCc;A;D;TriAsRCcAD;
4044;Cocina;B1;1941;;;;5;;;;Tri;As;Cc;A;D;TriAsCcAD;
4045;Cocina;B1;1941;;;;5;;;;Tra;As;Cc;A;D;TraAsCcAD;
4046;Cocina;B1;1941;;;;5;;;;Tri;As;Cc;A;D;TriAsCcAD;
4047;Cocina;B1;1941;;;;5;;;;Tri;As;RCc;A;D;TriAsRCcAD;
4048;Cocina;B1;1941;;;;5;;;;Tri;As;Cc;A;D;TriAsCcAD;
4049;Cocina;B1;1941;;;;5;;;;Tra;As;Cv;A;D;TraAsCvAD;
4050;Cocina;B1;1941;;;;5;;;;Tra;As;Cc;A;D;TraAsCcAD;
4051;Cocina;B1;1941;;;;5;;;;Tri;As;Cc;A;D;TriAsCcAD;
4052;Cocina;B1;1941;;;;5;;;;Tra;As;Cc;A;D;TraAsCcAD;
4053;Cocina;B1;1941;;;;5;;;;Tra;As;R;A;D;TraAsRAD;
4054;Cocina;B1;1941;;;;5;;;;Tra;As;RCc;A;D;TraAsRCcAD;
4055;Cocina;B1;1941;;;;5;;;;Tra;As;Cc;A;D;TraAsCcAD;
4056;Cocina;A2;1945;;;;11;;;;Tra;As;RCc;A;D;TraAsRCcAD;
4057;Cocina;A2;1945;;;;11;;;;Tra;As;Cc;A;D;TraAsCcAD;
4058;Cocina;A2;1945;;;;11;;;;Tra;S;RCc;A;D;TraSRCcAD;
4059;Cocina;A2;1945;;;;11;;;;Tra;S;Cc;A;D;TraSCcAD;
4060;Cocina;A2;1945;;;;12;;;;Tra;As;RCc;A;D;TraAsRCcAD;
4061;Cocina;A2;1945;;;;12;;;;Tra;As;Cc;A;D;TraAsCcAD;
4062;Cocina;A2;1945;;;;12;;;;Tra;As;R;A;D;TraAsRAD;
4063;Cocina;A2;1945;;;;12;;;;Tra;As;Cc;A;D;TraAsCcAD;
4064;Cocina;A2;1945;;;;12;;;;Tra;As;Cc;A;D;TraAsCcAD;
4065;Cocina;A2;1945;;;;12;;;;Tra;As;Cc;A;D;TraAsCcAD;
4066;Cocina;A2;1945;;;;12;;;;Tra;As;RCc;A;D;TraAsRCcAD;
4067;Cocina;A2;1945;;;;12;;;;Tra;As;RCc;A;D;TraAsRCcAD;
4068;Cocina;A2;1945;;;;12;;;;Tra;S;Cc;A;D;TraSCcAD;
4069;Cocina;A2;1945;;;;12;;;;Tra;As;Cc;A;D;TraAsCcAD;
4070;Cocina;A2;1945;;;;12;;;;Tra;As;RCc;A;D;TraAsRCcAD;
4071;Cocina;A2;1945;;;;12;;;;Tra;As;R;A;D;TraAsRAD;
4072;Cocina;A2;1945;;;;12;;;;Tra;As;Cc;A;D;TraAsCcAD;
4073;Cocina;A2;1945;;;;12;;;;Tra;As;Cc;A;D;TraAsCcAD;
4074;Cocina;A2;1945;;;;12;;;;Tra;As;RCc;A;D;TraAsRCcAD;
4075;Cocina;A2;1945;;;;13;;;;Tra;As;Cc;A;D;TraAsCcAD;
4076;Cocina;A2;1945;;;;13;;;;Tra;As;Cc;A;D;TraAsCcAD;
4077;Cocina;A2;1945;;;;13;;;;Tra;As;RCc;A;D;TraAsRCcAD;
4078;Cocina;A2;1945;;;;13;;;;Tra;As;RCc;A;D;TraAsRCcAD;
4079;Cocina;A2;1945;;;;13;;;;Tra;As;Cc;A;D;TraAsCcAD;
4080;Cocina;A2;1945;;;;13;;;;Tra;As;Cc;A;D;TraAsCcAD;
4081;Cocina;A2;1945;;;;13;;;;Tra;As;Cc;A;D;TraAsCcAD;
4082;Cocina;A2;1945;;;;13;;;;Tra;As;RCc;A;D;TraAsRCcAD;
4083;Cocina;A2;1945;;;;13;;;;Tra;As;RCc;A;D;TraAsRCcAD;
4084;Cocina;A2;1945;;;;13;;;;Tra;As;RCc;A;D;TraAsRCcAD;
4085;Cocina;A2;1945;;;;13;;;;Tra;As;Cc;A;D;TraAsCcAD;
4086;Cocina;A2;1945;;;;13;;;;Tra;As;RCc;A;D;TraAsRCcAD;
4087;Cocina;A2;1945;;;;13;;;;Tra;As;RCc;A;D;TraAsRCcAD;
4088;Cocina;A2;1945;;;;13;;;;Tra;As;RCc;A;D;TraAsRCcAD;
4089;Cocina;A2;1945;;;;13;;;;Tra;As;Cc;A;D;TraAsCcAD;
4090;Cocina;A2;1945;;;;13;;;;Tra;As;Cc;A;D;TraAsCcAD;
4091;Cocina;A2;1945;;;;13;;;;Tra;As;RCc;A;D;TraAsRCcAD;
4092;Cocina;A2;1945;;;;13;;;;Tra;As;RCc;A;D;TraAsRCcAD;
4093;Cocina;A2;1945;;;;13;;;;Tra;As;R;A;D;TraAsRAD;
4094;Cocina;A2;1945;;;;13;;;;Tra;As;Cc;A;D;TraAsCcAD;
4095;Cocina;A2;1945;;;;13;;;;Tra;As;Cc;A;D;TraAsCcAD;
4096;Cocina;A2;1945;;;;13;;;;Tra;As;Cv;A;D;TraAsCvAD;
4097;Cocina;A2;1945;;;;13;;;;Tra;As;Cc;A;D;TraAsCcAD;
4098;Cocina;A2;1945;;;;13;;;;Tra;As;Cc;A;D;TraAsCcAD;
4099;Cocina;A2;1945;;;;13;;;;Tra;As;RCc;A;D;TraAsRCcAD;
4100;Cocina;A2;1945;;;;13;;;;Tra;As;RCc;A;D;TraAsRCcAD;
4101;Cocina;A2;1941;;;;6;;;;Tra;As;RCc;A;D;TraAsRCcAD;
4102;Cocina;A2;1941;;;;6;;;;Tra;As;Cc;A;D;TraAsCcAD;
4103;Cocina;A2;1941;;;;6;;;;Tra;S;R;A;D;TraSRAD;
4104;Cocina;A2;1941;;;;6;;;;Tra;As;RCc;A;D;TraAsRCcAD;
4105;Cocina;A2;1941;;;;6;;;;Tra;As;R;A;D;TraAsRAD;
4106;Cocina;A2;1941;;;;6;;;;Tra;As;Cc;A;D;TraAsCcAD;
4107;Cocina;A2;1941;;;;7;;;;Tra;As;RCc;A;D;TraAsRCcAD;
4108;Cocina;A2;1941;;;;7;;;;Tra;As;Cc;A;D;TraAsCcAD;
4109;Cocina;A2;1941;;;;7;;;;Tra;As;RCc;A;D;TraAsRCcAD;
4110;Cocina;A2;1941;;;;7;;;;Tra;As;RCc;A;D;TraAsRCcAD;
4111;Cocina;A2;1941;;;;7;;;;Tra;As;Cc;A;D;TraAsCcAD;
4112;Cocina;A2;1941;;;;7;;;;Tra;As;RCc;A;D;TraAsRCcAD;
4113;Cocina;A2;1941;;;;7;;;;Tra;As;RCc;A;D;TraAsRCcAD;
4114;Cocina;A2;1941;;;;7;;;;Tra;As;Cv;A;D;TraAsCvAD;
4115;Cocina;A2;1941;;;;7;;;;Tra;As;RCc;A;D;TraAsRCcAD;
4116;Cocina;A2;1941;;;;7;;;;Tra;As;Cc;A;D;TraAsCcAD;
4117;Cocina;A2;1941;;;;7;;;;Tra;As;Cc;A;D;TraAsCcAD;
4118;Cocina;A2;1941;;;;7;;;;Tra;As;Cc;A;D;TraAsCcAD;
4119;Cocina;A2;1941;;;;7;;;;Tra;As;Cc;A;D;TraAsCcAD;
4120;Cocina;A2;1941;;;;7;;;;Tra;As;Cc;A;D;TraAsCcAD;
4121;Cocina;A2;1941;;;;7;;;;Tra;As;Cc;A;D;TraAsCcAD;
4122;Cocina;A2;1941;;;;7;;;;Tra;As;RCc;A;D;TraAsRCcAD;
4123;Cocina;A2;1941;;;;7;;;;Tra;As;Cc;A;D;TraAsCcAD;
4124;Cocina;A2;1941;;;;7;;;;Tra;As;Cc;A;D;TraAsCcAD;
4125;Cocina;A2;1941;;;;8;;;;Tra;As;RCc;A;D;TraAsRCcAD;
4126;Cocina;A2;1941;;;;8;;;;Tra;As;Cv;A;D;TraAsCvAD;
4127;Cocina;A2;1941;;;;8;;;;Tra;As;Cc;A;D;TraAsCcAD;
4128;Cocina;A2;1941;;;;8;;;;Tra;As;Cc;A;D;TraAsCcAD;
4129;Cocina;A2;1941;;;;8;;;;Tra;As;Cv;A;D;TraAsCvAD;
4130;Cocina;A2;1941;;;;8;;;;Tra;As;Cc;A;D;TraAsCcAD;
4131;Cocina;A2;1941;;;;8;;;;Tra;As;Cc;A;D;TraAsCcAD;
4132;Cocina;A2;1941;;;;8;;;;Tra;As;Cc;A;D;TraAsCcAD;
4133;Cocina;A2;1941;;;;8;;;;Tra;As;RCc;A;D;TraAsRCcAD;
4134;Cocina;A2;1941;;;;8;;;;Tra;As;Cc;A;D;TraAsCcAD;
4135;Cocina;A2;1941;;;;8;;;;Tra;As;Cc;A;D;TraAsCcAD;
4136;Cocina;A2;1941;;;;8;;;;Tra;As;Cc;A;D;TraAsCcAD;
4137;Cocina;A2;1941;;;;8;;;;Tra;As;Cc;A;D;TraAsCcAD;
4138;Cocina;A2;1941;;;;8;;;;Tri;As;Cc;A;D;TriAsCcAD;
4139;Cocina;A2;1941;;;;8;;;;Tri;As;Cc;A;D;TriAsCcAD;
4140;Cocina;A2;1941;;;;8;;;;Tra;As;Cv;A;D;TraAsCvAD;
4141;Cocina;A1;1941;;;;9;;;;Tra;As;RCc;A;D;TraAsRCcAD;
4142;Cocina;A1;1941;;;;9;;;;Tra;As;RCc;A;D;TraAsRCcAD;
4143;Cocina;A1;1941;;;;9;;;;Tra;As;Cc;A;D;TraAsCcAD;
4144;Cocina;A1;1941;;;;9;;;;Tra;As;Cc;A;D;TraAsCcAD;
4145;Cocina;A1;1941;;;;9;;;;Tra;As;RCc;A;D;TraAsRCcAD;
4146;Cocina;A1;1941;;;;9;;;;Tra;As;RCc;A;D;TraAsRCcAD;
4147;Cocina;A1;1941;;;;9;;;;Tra;As;Cc;A;D;TraAsCcAD;
4148;Cocina;A1;1941;;;;9;;;;Tra;As;RCc;A;D;TraAsRCcAD;
4149;Cocina;A1;1941;;;;9;;;;Tra;As;Cc;A;D;TraAsCcAD;
4150;Cocina;A1;1941;;;;9;;;;Tra;As;Cc;A;D;TraAsCcAD;
4151;Cocina;A1;1941;;;;9;;;;Tra;As;Cc;A;D;TraAsCcAD;
4152;Cocina;A1;1941;;;;9;;;;Tra;As;Cc;A;D;TraAsCcAD;
4153;Cocina;A1;1941;;;;9;;;;Tra;As;Cc;A;D;TraAsCcAD;
4154;Cocina;A1;1941;;;;9;;;;Tra;As;Cc;A;D;TraAsCcAD;
4155;Cocina;A1;1941;;;;9;;;;Tra;As;RCc;A;D;TraAsRCcAD;
4156;Cocina;A1;1941;;;;9;;;;Tra;As;Cc;A;D;TraAsCcAD;
4157;Cocina;A1;1941;;;;9;;;;Tra;As;Cc;A;D;TraAsCcAD;
4158;Cocina;A1;1941;;;;9;;;;Tra;As;RCc;A;D;TraAsRCcAD;
4159;Cocina;A1;1941;;;;9;;;;Tra;As;RCc;A;D;TraAsRCcAD;
4160;Cocina;A1;1941;;;;9;;;;Tra;As;Cc;A;D;TraAsCcAD;
4161;Cocina;A1;1941;;;;9;;;;Tra;As;Cc;A;D;TraAsCcAD;
4162;Cocina;A1;1941;;;;9;;;;Tra;As;Cc;A;D;TraAsCcAD;
4163;Cocina;A1;1941;;;;9;;;;Tra;As;Cc;A;D;TraAsCcAD;
4164;Cocina;A1;1941;;;;9;;;;Tra;As;RCc;A;D;TraAsRCcAD;
4165;Cocina;A1;1941;;;;10;;;;Tra;As;Cc;A;D;TraAsCcAD;
4166;Cocina;A1;1941;;;;10;;;;Tra;As;RCc;A;D;TraAsRCcAD;
4167;Cocina;A1;1941;;;;10;;;;Tra;As;Cc;A;D;TraAsCcAD;
4168;Cocina;A1;1941;;;;10;;;;Tra;As;RCc;A;D;TraAsRCcAD;
4169;Cocina;A1;1941;;;;10;;;;Tra;As;Cc;A;D;TraAsCcAD;
4170;Cocina;A1;1941;;;;10;;;;Tra;As;Cc;A;D;TraAsCcAD;
4171;Cocina;A1;1941;;;;10;;;;Tra;As;RCc;A;D;TraAsRCcAD;
4172;Cocina;A1;1941;;;;11;;;;Tra;As;RCc;A;D;TraAsRCcAD;
4173;Cocina;A1;1941;;;;11;;;;Tra;As;Cc;A;D;TraAsCcAD;
4174;Cocina;A1;1941;;;;11;;;;Tra;As;Cc;A;D;TraAsCcAD;
4175;Cocina;A1;1941;;;;11;;;;Tra;As;Cc;A;D;TraAsCcAD;
4176;Cocina;A1;1941;;;;11;;;;Tra;As;Cc;A;D;TraAsCcAD;
4177;Cocina;A1;1941;;;;11;;;;Tra;As;Cc;A;D;TraAsCcAD;
4178;Cocina;A1;1941;;;;11;;;;Tra;As;Cc;A;D;TraAsCcAD;
4179;Cocina;A1;1941;;;;11;;;;Tra;As;Cc;A;D;TraAsCcAD;
4180;Cocina;A1;1941;;;;11;;;;Tra;As;Cc;A;D;TraAsCcAD;
4181;Cocina;A1;1941;;;;11;;;;Tra;As;Cc;A;D;TraAsCcAD;
4182;Cocina;A1;1941;;;;11;;;;Tra;As;RCc;A;D;TraAsRCcAD;
4183;Cocina;A1;1941;;;;11;;;;Tra;As;Cc;A;D;TraAsCcAD;
4184;Cocina;A1;1941;;;;11;;;;Tra;As;RCc;A;D;TraAsRCcAD;
4185;Cocina;A1;1941;;;;11;;;;Tra;As;Cv;A;D;TraAsCvAD;
4186;Cocina;A1;1941;;;;11;;;;Tri;As;Cv;A;D;TriAsCvAD;
4187;Cocina;A1;1941;;;;11;;;;Tra;As;Cc;A;D;TraAsCcAD;
4188;Cocina;A1;1941;;;;12;;;;Tra;As;Cc;A;D;TraAsCcAD;
4189;Cocina;A1;1941;;;;12;;;;Tra;As;R;A;D;TraAsRAD;
4190;Cocina;A1;1941;;;;12;;;;Tra;As;Cc;A;D;TraAsCcAD;
4191;Cocina;A1;1941;;;;12;;;;Tra;As;RCc;A;D;TraAsRCcAD;
4192;Cocina;A1;1941;;;;12;;;;Tra;As;RCc;A;D;TraAsRCcAD;
4193;Cocina;A1;1941;;;;12;;;;Tra;As;Cc;A;D;TraAsCcAD;
4194;Cocina;A1;1945 EI;;;;14;;;;Tra;As;Cc;A;D;TraAsCcAD;
4195;Cocina;A1;1945 EI;;;;14;;;;Tri;As;Cc;A;D;TriAsCcAD;
4196;Cocina;A1;1945 EI;;;;14;;;;Tra;As;RCc;A;D;TraAsRCcAD;
4197;Cocina;A1;1945 EI;;;;14;;;;Tra;As;RCc;A;D;TraAsRCcAD;
4198;Cocina;B2;4;;1215;;;;;;Tra;As;Cc;A;D;TraAsCcAD;
4199;Cocina;B2;4;;1120;;;;;;Tra;As;Cc;A;D;TraAsCcAD;
4200;Cocina;B2;4;;1302;;;;;;Tra;As;Cc;A;D;TraAsCcAD;
4201;Cocina;B2;4;;1310;;;;;;Tra;As;Cc;A;D;TraAsCcAD;
4202;Cocina;B2;4;;1314;;;;;;Tra;As;RCc;A;D;TraAsRCcAD;
4203;Cocina;B2;4;;1135;;;;;;Tra;As;Cc;A;D;TraAsCcAD;
4204;Cocina;B2;4;;1319;;;;;;Tri;As;Cc;A;D;TriAsCcAD;
4205;Cocina;B2;4;;1319;;;;;;Tra;As;Cc;A;D;TraAsCcAD;
4206;Cocina;B2;4;;1319;;;;;;Tri;As;Cc;A;D;TriAsCcAD;
4207;Cocina;B2;4;;1319;;;;;;Tri;As;Cc;A;D;TriAsCcAD;
4208;Cocina;B2;4;;1319;;;;;;Tri;As;Cc;A;D;TriAsCcAD;
4209;Cocina;B2;4;;1319;;;;;;Tri;As;Cc;A;D;TriAsCcAD;
4210;Cocina;B2;4;;1319;;;;;;Tri;As;RCc;A;D;TriAsRCcAD;
4211;Cocina;B2;4;;1319;;;;;;Tra;As;Cc;A;D;TraAsCcAD;
4212;Cocina;B2;4;;1227;;;;;;Tri;As;Cc;A;D;TriAsCcAD;
4213;Cocina;B2;4;;1323;;;;;;Tra;As;Cc;A;D;TraAsCcAD;
4214;Cocina;B2;4;;1145;;;;;;Tra;As;Cc;A;D;TraAsCcAD;
4215;Cocina;B2;4;;1145;;;;;;Tra;As;RCc;A;D;TraAsRCcAD;
4216;Cocina;B2;4;;1230;;;;;;Tri;As;Cc;A;D;TriAsCcAD;
4217;Cocina;B2;4;;1327;;;;;;Tri;As;Cc;A;D;TriAsCcAD;
4218;Cocina;B1;4;;1402;;;;;;Tra;As;RCc;A;D;TraAsRCcAD;
4219;Cocina;B1;4;;1402;;;;;;Tra;As;RCc;A;D;TraAsRCcAD;
4220;Cocina;B1;4;;1402;;;;;;Tri;As;RCc;A;D;TriAsRCcAD;
4221;Cocina;B1;4;;1402;;;;;;Tra;As;Cv;A;D;TraAsCvAD;
4222;Cocina;B1;4;;1402;;;;;;Tra;As;Cc;A;D;TraAsCcAD;
4223;Cocina;B1;4;;1406;;;;;;Tri;As;Cc;A;D;TriAsCcAD;
4224;Cocina;B1;4;;1412;;;;;;Tra;As;Cc;A;D;TraAsCcAD;
4225;Cocina;B1;4;;1415;;;;;;Tri;As;Cc;A;D;TriAsCcAD;
4226;Cocina;B1;4;;1416;;;;;;Tra;As;Cc;A;D;TraAsCcAD;
4227;Cocina;B1;4;;1416;;;;;;Tra;As;Cc;A;D;TraAsCcAD;
4228;Cocina;B1;4;;1416;;;;;;Se;As;Cv;A;D;SeAsCvAD;
4229;Cocina;B1;4;;1410;;;;;;Tra;As;Cc;A;D;TraAsCcAD;
4230;Cocina;B1;4;;1417;;;;;;Tra;As;Cc;A;D;TraAsCcAD;
4231;Cocina;B1;4;;1417;;;;;;Tra;As;Cc;A;D;TraAsCcAD;
4232;Cocina;B1;4;;1417;;;;;;Tra;As;Cc;A;D;TraAsCcAD;
4233;Cocina;B1;4;;1418;;;;;;Tra;As;Cc;A;D;TraAsCcAD;
4234;Cocina;B1;4;;1418;;;;;;Tra;As;Cc;A;D;TraAsCcAD;
4235;Cocina;B1;4;;1420;;;;;;Tri;As;Cc;A;D;TriAsCcAD;
4236;Cocina;B1;4;;1422;;;;;;Tra;As;Cc;A;D;TraAsCcAD;
4237;Pontet;;;e;;;;;;;Tra;As;Cc;A;D;TraAsCcAD;
4238;Pontet;;;e;;;;;;;Tra;As;Cc;A;D;TraAsCcAD;
4239;Pontet;;;e;;;;;;;Tra;As;Cc;A;D;TraAsCcAD;
4240;Pontet;;;e;;;;;;;Tra;S;R;A;D;TraSRAD;
4241;Pontet;;;e;;;;;;;Tra;As;RCc;A;D;TraAsRCcAD;
4242;Pontet;;;e;;;;;;;Tra;As;Cc;A;D;TraAsCcAD;
4243;Pontet;;;e;;;;;;;Tra;As;Cc;A;D;TraAsCcAD;
4244;Pontet;;;e;;;;;;;Tra;As;Cc;A;D;TraAsCcAD;
4245;Pontet;;;e;;;;;;;Tra;As;Cc;A;D;TraAsCcAD;
4246;Pontet;;;e;;;;;;;Tra;As;Cc;A;D;TraAsCcAD;
4247;Pontet;;;e;;;;;;;Tra;As;Cc;A;D;TraAsCcAD;
4248;Pontet;;;e;;;;;;;Tra;As;Cc;A;D;TraAsCcAD;
4249;Pontet;;;e;;;;;;;Tra;As;Cc;A;D;TraAsCcAD;
4250;Pontet;;;e;;;;;;;Tri;As;R;A;D;TriAsRAD;
4251;Or;VI;H;;;;6;;;;Tra;As;R;A;Al;TraAsRAAl;
4252;Or;VI;H;;;;7;;;;Tra;As;R;A;D;TraAsRAD;
4253;Or;VI;H;;;;7;;;;Tri;S;R;A;Al;TriSRAAl;
4254;Or;VI;H1;;;;7;;;;Se;S;Cv;A;D;SeSCvAD;
4255;Or;VI;H1;;;;7;;;;Tra;As;RCc;A;D;TraAsRCcAD;
4256;Or;VI;H1;;;;7;;;;Tra;S;RCc;A;D;TraSRCcAD;
4257;Or;VI;H1;;;;7;;;;Tra;S;RCc;A;Al;TraSRCcAAl;
4258;Or;VI;H1;;;;7;;;;Tra;As;RCc;A;D;TraAsRCcAD;
4259;Or;VI;H1;;;;7;;;;Tra;As;RCc;A;D;TraAsRCcAD;
4260;Or;VI;H1;;;;7;;;;Tra;As;R;A;Al;TraAsRAAl;
4261;Or;VI;H1;;;;7;;;;Tra;As;R;A;D;TraAsRAD;
4262;Or;VI;H1;;;;7;;;;Tra;As;R;A;I;TraAsRAI;
4263;Or;VI;H1;;;;7;;;;Tra;As;R;A;D;TraAsRAD;
4264;Or;VI;H1;;;;7;;;;Tra;As;R;A;D;TraAsRAD;
4265;Or;VI;H1;;;;7;;;;Se;S;R;S;B;SeSRSB;
4266;Or;V;H1;;;;6;;;;Tra;As;R;A;D;TraAsRAD;
4267;Or;V;H1;;;;6;;;;Tra;S;R;A;D;TraSRAD;
4268;Or;IV;H1;;;;5;;;;Se;S;Cv;A;Al;SeSCvAAl;
4269;Or;IV;H1;;;;5;;;;Tra;As;RCc;A;D;TraAsRCcAD;
4271;Or;IV;H1;;;;5;;;;Tra;As;R;A;Al;TraAsRAAl;
4272;Or;IV;H1;;;;5;;;;Tra;As;R;AS;B;TraAsRASB;
4273;Or;V;H;;;;5;;;;Tra;As;RCc;A;D;TraAsRCcAD;
4274;Or;IV;J4;;;;3;;;;Tra;As;R;A;D;TraAsRAD;
4275;Or;IV;J4;;;;4;;;;Tra;S;R;A;Al;TraSRAAl;
4276;Or;V;J4;;;;6b;;;;Tra;S;R;A;D;TraSRAD;
4277;Or;V;J4;;;;7b;;;;Tra;S;R;A;D;TraSRAD;
4278;Or;V;J4;;;;8a;;;;Tra;S;R;A;D;TraSRAD;
4279;Or;V;J4;;;;8a;;;;Tra;S;R;A;D;TraSRAD;
4280;Or;V;J4;;;;9a;;;;Tri;As;R;A;D;TriAsRAD;
4281;Or;V;J4;;;;10b;;;;Se;S;Cv;A;D;SeSCvAD;
4282;Or;V;J4;;;;10b;;;;Tra;As;RCc;A;D;TraAsRCcAD;
4283;Or;VI;J4;;;;11a;;;;Tra;S;R;A;Al;TraSRAAl;
4284;Or;VI;J4;;;;14;;;;Tra;S;R;A;D;TraSRAD;
4285;Or;VI;J4;;;;14;;;;Tra;As;Cc;A;D;TraAsCcAD;
4286;Or;IV;J5;;;;6;;;;Tra;S;R;A;Al;TraSRAAl;
4287;Or;V;J5;;;;11;;;;Tra;As;R;A;D;TraAsRAD;
4288;Or;V;J5;;;;13;;;;Se;S;Cv;A;D;SeSCvAD;
4289;Or;VI;J5;;;;17;;;;Tra;As;RCc;A;Al;TraAsRCcAAl;
4290;Or;VI;J5T;;;;10;;;;Se;As;RCc;A;D;SeAsRCcAD;
4291;Or;IV;K34;;;;14;;;;Tra;As;RCc;A;D;TraAsRCcAD;
4292;Or;IV;K34;;;;16;;;;Tra;As;RCc;A;Al;TraAsRCcAAl;
4293;Or;V;K34;;;;17;;;;Tra;As;RCc;A;D;TraAsRCcAD;
4294;Or;V;K34;;;;17;;;;Se;S;RCc;A;D;SeSRCcAD;
4295;Or;V;K34;;;;17;;;;Tra;As;RCc;A;D;TraAsRCcAD;
4296;Or;VI;K34;;;;22;;;;Tra;As;RCc;A;D;TraAsRCcAD;
4297;Or;VI;K34;;;;22;;;;Tra;As;RCc;A;Al;TraAsRCcAAl;
4298;Or;IV;K35;;;;16;;;;Tra;As;R;A;D;TraAsRAD;
4299;Or;IV;K35;;;;15;;;;Tra;S;R;A;D;TraSRAD;
4300;Or;V;K35;;;;20;;;;Tra;As;RCc;A;D;TraAsRCcAD;
4301;Or;V;K35;;;;23;;;;Tra;As;R;A;D;TraAsRAD;
4302;Or;VI;K35;;;;25;;;;Tra;S;R;A;D;TraSRAD;
4303;Or;VI;K35;;;;25;;;;Tra;As;R;A;D;TraAsRAD;
4304;Or;VI;K35;;;;28;;;;Tra;As;Cv;A;D;TraAsCvAD;
4305;Or;V;H3;;;;6;;;;Tra;S;R;A;D;TraSRAD;
4306;Or;V;H3;;;;6;;;;Tra;S;R;A;D;TraSRAD;
4307;Or;V;H3;;;;6;;;;Tra;S;RCc;A;D;TraSRCcAD;
4308;Or;V;H3;;;;6;;;;Tra;As;R;A;Al;TraAsRAAl;
4309;Or;V;H3;;;;6;;;;Tra;As;R;A;D;TraAsRAD;
4310;Or;V;H3;;;;6;;;;Tra;As;R;A;D;TraAsRAD;
4311;Or;V;H3;;;;6;;;;Tra;As;R;A;D;TraAsRAD;
4312;Or;V;H3;;;;6;;;;Tra;As;RCc;A;D;TraAsRCcAD;
4313;Or;V;H3;;;;6;;;;Tri;As;R;A;D;TriAsRAD;
4314;Or;V;H3;;;;6;;;;Se;S;Cv;A;D;SeSCvAD;
4315;Or;VI;H3;;;;7;;;;Se;S;Cv;A;D;SeSCvAD;
4316;Or;VI;H3;;;;7;;;;Tri;S;R;A;D;TriSRAD;
4317;Or;VI;H3;;;;7;;;;Tra;As;R;A;D;TraAsRAD;
4318;Or;VI;H3;;;;7;;;;Tra;As;R;A;I;TraAsRAI;
4319;Or;VI;H3;;;;7;;;;Tra;S;R;A;Al;TraSRAAl;
4320;Or;VI;H3;;;;7;;;;Tra;As;R;A;Al;TraAsRAAl;
4321;Or;VI;H3;;;;7;;;;Tra;S;R;A;D;TraSRAD;
4322;Or;VI;H3;;;;7;;;;Tra;S;R;A;Al;TraSRAAl;
4323;Or;VI;H3;;;;7;;;;Tra;As;R;A;Al;TraAsRAAl;
4324;Or;VI;H3;;;;7;;;;Tra;As;RCc;A;Al;TraAsRCcAAl;
4325;Or;VI;H3;;;;7;;;;Tra;As;R;A;D;TraAsRAD;
4326;Or;VI;H3;;;;7;;;;Tra;As;R;A;D;TraAsRAD;
4327;Or;VI;H3;;;;7;;;;Tra;As;R;A;D;TraAsRAD;
4328;Or;VI;H3;;;;7;;;;Tra;As;RCc;A;D;TraAsRCcAD;
4329;Or;VI;H3;;;;7;;;;Tra;As;RCc;A;D;TraAsRCcAD;
4330;Or;VI;H3;;;;7;;;;Tra;S;R;A;Al;TraSRAAl;
4331;Or;VI;H3;;;;7;;;;Tra;S;RCc;A;D;TraSRCcAD;
4332;Or;VI;H3;;;;7;;;;Tra;S;R;A;D;TraSRAD;
4333;Or;VI;H3;;;;7;;;;Tra;As;RCc;A;D;TraAsRCcAD;
3080;Nerja;;;NM10;NM10;;;;;;Tra;As;Cc;A;D;TraAsCcAD;
3081;Nerja;;;NV2;NV2;;;;;;Tra;S;R;A;Al;TraSRAAl;
3142;Chaves;Ib;;;;;;;;;Tra;As;RCc;S;B;TraAsRCcSB;
3145;Chaves;Ib;;;;;;;;;Tri;S;R;S;B;TriSRSB;
3146;Chaves;Ib;;;;;;;;;Se;As;Cv;S;B;SeAsCvSB;
3147;Chaves;Ib;;;;;;;;;Se;S;Cv;S;Db;SeSCvSDb;
3148;Chaves;Ib;;;;;;;;;Tri;S;R;AS;B;TriSRASB;
3149;Chaves;Ib;;;;;;;;;Tri;S;RCv;A;Al;TriSRCvAAl;
3150;Chaves;Ib;;;;;;;;;Tri;S;Cc;S;Db;TriSCcSDb;
3151;Chaves;Ib;;;;;;;;;Tri;S;R;S;Db;TriSRSDb;
3152;Chaves;Ib;;;;;;;;;Tri;As;RCv;S;Db;TriAsRCvSDb;
3153;Chaves;Ib;;;;;;;;;Tri;As;RCv;AS;B;TriAsRCvASB;
3154;Chaves;Ib;;;;;;;;;Tri;As;RCv;AS;Al;TriAsRCvASAl;
3155;Chaves;Ib;;;;;;;;;Tri;S;CcCv;AS;Db;TriSCcCvASDb;
3156;Chaves;Ib;;;;;;;;;Tri;As;RCv;A;Al;TriAsRCvAAl;
3157;Chaves;Ib;;;;;;;;;Tri;As;RCc;A;B;TriAsRCcAB;
3159;Chaves;Ib;;;;;;;;;Se;S;Cv;S;Db;SeSCvSDb;
3160;Chaves;Ib;;;;;;;;;Se;S;Cv;S;B;SeSCvSB;
3161;Chaves;Ib;;;;;;;;;Se;S;Cv;S;Db;SeSCvSDb;
3162;Chaves;Ib;;;;;;;;;Se;S;Cv;S;Db;SeSCvSDb;
3163;Chaves;Ib;;;;;;;;;Se;S;Cv;S;Db;SeSCvSDb;
3164;Chaves;Ib;;;;;;;;;Se;S;Cv;S;Db;SeSCvSDb;
3165;Chaves;Ib;;;;;;;;;Se;S;Cv;S;B;SeSCvSB;
3166;Chaves;Ib;;;;;;;;;Se;S;Cv;S;Db;SeSCvSDb;
3167;Chaves;Ib;;;;;;;;;Se;S;Cv;S;B;SeSCvSB;
3168;Chaves;Ib;;;;;;;;;Tra;S;R;A;D;TraSRAD;
3169;Chaves;Ib;;;;;;;;;Tra;As;RCc;A;D;TraAsRCcAD;
3170;Chaves;Ib;;;;;;;;;Tra;As;R;AS;B;TraAsRASB;
3171;Chaves;Ib;;;;;;;;;Tra;S;R;AS;Al;TraSRASAl;
3172;Chaves;Ib;;;;;;;;;Tra;S;RCv;AS;I;TraSRCvASI;
3173;Chaves;Ib;;;;;;;;;Tra;S;R;AS;B;TraSRASB;
3174;Chaves;Ib;;;;;;;;;Tra;As;RCc;A;Al;TraAsRCcAAl;
3176;Chaves;Ib;;;;;;;;;Tra;S;RCc;AS;B;TraSRCcASB;
3177;Chaves;Ib;;;;;;;;;Tra;As;R;AS;B;TraAsRASB;
3178;Chaves;Ib;;;;;;;;;Tra;As;RCv;A;D;TraAsRCvAD;
3179;Chaves;Ib;;;;;;;;;Tra;As;RCc;A;D;TraAsRCcAD;
3180;Chaves;Ib;;;;;;;;;Tra;As;RCc;A;D;TraAsRCcAD;
3181;Chaves;Ib;;;;;;;;;Tra;S;R;A;D;TraSRAD;
3182;Chaves;Ib;;;;;;;;;Tra;As;RCv;AS;B;TraAsRCvASB;
3183;Chaves;Ib;;;;;;;;;Se;S;Cv;AS;Db;SeSCvASDb;
3184;Guixeres;A;;;;;;;;;Tra;S;RCc;A;B;TraSRCcAB;
3185;Guixeres;A;;;;;;;;;Tra;S;RCc;S;B;TraSRCcSB;
3186;Guixeres;A;;;;;;;;;Tra;S;R;A;Al;TraSRAAl;
3187;Guixeres;A;;;;;;;;;Tri;S;RCc;S;B;TriSRCcSB;
3193;Guixeres;A;;;;;;;;;Tra;S;R;A;D;TraSRAD;
3194;Toro;IV;;;;;;;;;Se;S;Cv;A;D;SeSCvAD;
3195;Toro;IV;;;;;;;;;Se;S;Cv;A;D;SeSCvAD;
3196;Toro;IV;;;;;;;;;Se;S;Cv;A;D;SeSCvAD;
3197;Toro;IV;;;;;;;;;Se;S;Cv;A;D;SeSCvAD;
3198;Sadurní;;;IIIC;;;18;;;;Tra;As;Cc;A;D;TraAsCcAD;
3205;Nerja;;;NM10;NM10;E6;;;;;Tra;As;RCc;A;D;TraAsRCcAD;
3206;Nerja;;;NM10;NM10;F5;;;;;Tra;As;RCv;A;D;TraAsRCvAD;
3207;Nerja;;;NM10;NM10;F6;;;;;Tra;S;CcCv;A;D;TraSCcCvAD;
3208;Nerja;;;NM10;NM10;F6;;;;;Tra;S;RCc;A;D;TraSRCcAD;
3203;Castillejos;;;I;;;;;;01-jun;Tra;S;RCc;A;D;TraSRCcAD;
3204;Castillejos;;;I;;;;;;01-jun;Tra;S;RCc;A;D;TraSRCcAD;
5000;Draga;ABC;SectorA;;P20;;;;;;Tra;S;RCv;A;D;TraSRCvAD;
5001;Draga;ABC;SectorA;;E22;;;;IIIB;;Tra;As;RCc;AS;B;TraAsRCcASB;
4340;Collao;;;I;;;1;;;;Tra;As;RCc;A;D;TraAsRCcAD;
4341;Collao;;;I;;;1;;;;Tra;As;RCc;A;D;TraAsRCcAD;
4342;Collao;;;I;;;1;;;;Tra;As;Cc;A;D;TraAsCcAD;
2354;Costamar;NII;157;;15702;;;;;;Se;S;Cv;S;B;SeSCvSB;
2355;Costamar;NII;219;;21902;;;;;;Tra;As;RCv;A;D;TraAsRCvAD;
2356;Costamar;NII;233;;23303;;;;;;Se;S;Cv;S;B;SeSCvSB;
2357;Costamar;NII;241;;24102;;;;;;Se;As;Cv;S;B;SeAsCvSB;
2359;Costamar;NII;241;;24102;;;;;;Sq;As;R;A;D;SqAsRAD;
2360;Costamar;NII;142;;24102?;;;;;;Se;As;Cv;S;B;SeAsCvSB;
2361;Costamar;NII;158-411;;15802;;;;;;Se;S;Cv;S;B;SeSCvSB;
2362;Costamar;NII;158-411;;15802;;;;;;Tri;S;Cv;S;B;TriSCvSB;
2363;Costamar;NII;243-496;;24302;;;;;;Tra;As;R;A;D;TraAsRAD;
2365;Costamar;NII;329-582;;32902;;;;;;Se;S;R;S;B;SeSRSB;
2366;Costamar;NII;329-582;;32902;;;;;;Se;S;R;S;B;SeSRSB;
2367;Costamar;NII;329-582;;32902;;;;;;Tra;S;R;S;B;TraSRSB;
2632;Cendres;;;VIII;H15;D13;9;;;;Tri;As;RCv;A;D;TriAsRCvAD;
2629;Cendres;;;IX;H15a;D14;12c;;;;Tra;As;RCc;A;Al;TraAsRCcAAl;
2631;Cendres;;;X;H17;A13;36-38;;;;Tra;As;RCv;A;Al;TraAsRCvAAl;
2823;Cendres;;;IX;EVId;B13;19;;;;Tra;S;R;S;B;TraSRSB;
2824;Cendres;;;XI;EVII;C14;27;;;;Tra;As;R;AS;B;TraAsRASB;
3209;Cendres;;;XI;VII-VIII;E16-17;19a;;;;Tra;S;R;AS;D;TraSRASD;
3067;Sant_Pau;;;Silo1;;H12;;;;;Tra;S;R;A;Al;TraSRAAl;
2630;Cendres;;;VIIa;H14;C14;8;;;;Se;S;Cv;A;D;SeSCvAD;
2825;Cendres;;;XI;VII;D18;13;;;;Tra;As;R;A;Al;TraAsRAAl;
4339;Collao;;;I;;;1;;;;Tra;As;R;A;D;TraAsRAD;
235;Barranquet;;;79;79;;;;;Impressa;Tra;As;R;A;D;TraAsRAD;
236;Barranquet;;;79;79;;;;;Impressa;Tra;S;Cc;S;B;TraSCcSB;
2323;Mas_dIs;VIb;Cabaña2;;;;;;;;Tra;S;Cc;A;I;TraSCcAI;
2325;Mas_dIs;VIb;Cabaña2;;;;;;;;Se;S;Cv;A;D;SeSCvAD;
2699;Benàmer;II;;;;;;;;;Tra;S;Cc;S;B;TraSCcSB;
2700;Benàmer;II;;;;;;;;;Tra;As;RCc;S;B;TraAsRCcSB;
2701;Benàmer;II;;;;;;;;;Tra;As;R;AS;Al;TraAsRASAl;
3283;Trocs;I;;53;53;;;;;;Tra;As;RCc;A;D;TraAsRCcAD;
3284;Trocs;I;;53;53;;;;;;Tra;As;R;A;Al;TraAsRAAl;
3419;Ángel2;;Ángel 2;2a2;;;;;;;Tra;As;Cc;A;D;TraAsCcAD;
3421;Ángel2;;Ángel 2;2a2;;;;;;;Tra;As;Cc;A;D;TraAsCcAD;
3426;Ángel2;;Ángel 2;2a2;;;;;;;Tra;As;RCc;A;D;TraAsRCcAD;
3427;Ángel2;;Ángel 2;2a2;;;;;;;Tra;As;Cc;A;D;TraAsCcAD;
3428;Ángel2;;Ángel 2;2a2;;;;;;;Tra;As;Cc;A;D;TraAsCcAD;
3429;Ángel2;;Ángel 2;2a2;;;;;;;Tra;As;RCc;A;D;TraAsRCcAD;
4366;Corona;;;LM;;;;;;;Tra;As;Cc;A;Al;TraAsCcAAl;
4367;Corona;;;LM;;;;;;;Tra;As;Cc;A;D;TraAsCcAD;
4368;Corona;;;LM;;;;;;;Tra;As;RCc;A;D;TraAsRCcAD;
4369;Corona;;;LM;;;;;;;Tra;As;RCc;A;D;TraAsRCcAD;
4370;Corona;;;LM;;;;;;;Tra;As;Cc;A;D;TraAsCcAD;
4371;Corona;;;LM;;;;;;;Tra;As;RCc;A;D;TraAsRCcAD;
4372;Corona;;;LM;;;;;;;Tra;As;RCc;A;D;TraAsRCcAD;
4373;Corona;;;LM;;;;;;;Tra;As;Cc;A;D;TraAsCcAD;
4374;Corona;;;LM;;;;;;;Tra;As;RCc;A;D;TraAsRCcAD;
4375;Corona;;;LM;;;;;;;Tra;As;Cc;A;D;TraAsCcAD;
4376;Corona;;;LM;;;;;;;Tri;As;Cc;A;D;TriAsCcAD;
4365;Corona;;;LM;;;;;;;Tra;As;RCc;A;D;TraAsRCcAD;
